{
"lengthUnit": "mil",
"remark": [],
"components": {
	"fields": ["COMPONENT_NO", "COMPONENT_NAME", "LAYER", "X_COORDINATE", "Y_COORDINATE", "ANGLE"],
	"rows": [
		[1, "3V", "T", -195, -625, 90],
		[2, "5V", "T", -395, -625, 90],
		[3, "GND", "T", -295, -625, 90],
		[4, "GND", "T", -495, -625, 90],
		[5, "H1", "T", -500, -2730, 90],
		[6, "H2", "T", -5, -2880, 270],
		[7, "H3", "T", -105, -2880, 270],
		[8, "H4", "T", -500, -1905, 90],
		[9, "H5", "T", -5, -2055, 270],
		[10, "H6", "T", -105, -2055, 90],
		[11, "J1", "T", 355, -1345, 270],
		[12, "J2", "T", 1555, -3145, 90],
		[13, "J3", "T", 1210, -935, 0],
		[14, "P1", "T", -470, -270, 0],
		[15, "U2", "T", -562.0866, -942.5591, 270],
		[16, "U4", "T", -65, -2730, 180],
		[17, "U5", "T", -485, -2245, 90],
		[18, "U6", "T", -65, -1905, 180],
		[19, "U7", "T", -480, -3090, 90],
		[20, "U8", "T", -75, -775, 0],
		[21, "U9", "T", 505, -1345, 0],
		[22, "PAD1", "T", -509.9606, -1009.4882, 0],
		[23, "PAD1", "B", -509.9606, -1009.4882, 0],
		[24, "PAD2", "T", -409.9606, -1009.4882, 0],
		[25, "PAD2", "B", -409.9606, -1009.4882, 0],
		[26, "PAD3", "T", -309.9606, -1009.4882, 0],
		[27, "PAD3", "B", -309.9606, -1009.4882, 0],
		[28, "PAD4", "T", -209.9606, -1009.4882, 0],
		[29, "PAD4", "B", -209.9606, -1009.4882, 0],
		[30, "PAD5", "T", 355, -3145, 0],
		[31, "PAD5", "B", 355, -3145, 0],
		[32, "PAD6", "T", 355, -2845, 0],
		[33, "PAD6", "B", 355, -2845, 0],
		[34, "PAD7", "T", 355, -2745, 0],
		[35, "PAD7", "B", 355, -2745, 0],
		[36, "PAD8", "T", 355, -1345, 0],
		[37, "PAD8", "B", 355, -1345, 0],
		[38, "PAD9", "T", 355, -1445, 0],
		[39, "PAD9", "B", 355, -1445, 0],
		[40, "PAD10", "T", 355, -2645, 0],
		[41, "PAD10", "B", 355, -2645, 0],
		[42, "PAD11", "T", 355, -2545, 0],
		[43, "PAD11", "B", 355, -2545, 0],
		[44, "PAD12", "T", 355, -2445, 0],
		[45, "PAD12", "B", 355, -2445, 0],
		[46, "PAD13", "T", 355, -2345, 0],
		[47, "PAD13", "B", 355, -2345, 0],
		[48, "PAD14", "T", 355, -2245, 0],
		[49, "PAD14", "B", 355, -2245, 0],
		[50, "PAD15", "T", 355, -2145, 0],
		[51, "PAD15", "B", 355, -2145, 0],
		[52, "PAD16", "T", 355, -2045, 0],
		[53, "PAD16", "B", 355, -2045, 0],
		[54, "PAD17", "T", 355, -1945, 0],
		[55, "PAD17", "B", 355, -1945, 0],
		[56, "PAD18", "T", 355, -1845, 0],
		[57, "PAD18", "B", 355, -1845, 0],
		[58, "PAD19", "T", 355, -1745, 0],
		[59, "PAD19", "B", 355, -1745, 0],
		[60, "PAD20", "T", 355, -1645, 0],
		[61, "PAD20", "B", 355, -1645, 0],
		[62, "PAD21", "T", 355, -1545, 0],
		[63, "PAD21", "B", 355, -1545, 0],
		[64, "PAD22", "T", 355, -2945, 0],
		[65, "PAD22", "B", 355, -2945, 0],
		[66, "PAD23", "T", 355, -3045, 0],
		[67, "PAD23", "B", 355, -3045, 0],
		[68, "PAD24", "T", 1555, -1345, 0],
		[69, "PAD24", "B", 1555, -1345, 0],
		[70, "PAD25", "T", 1555, -1645, 0],
		[71, "PAD25", "B", 1555, -1645, 0],
		[72, "PAD26", "T", 1555, -1745, 0],
		[73, "PAD26", "B", 1555, -1745, 0],
		[74, "PAD27", "T", 1555, -3145, 0],
		[75, "PAD27", "B", 1555, -3145, 0],
		[76, "PAD28", "T", 1555, -3045, 0],
		[77, "PAD28", "B", 1555, -3045, 0],
		[78, "PAD29", "T", 1555, -1845, 0],
		[79, "PAD29", "B", 1555, -1845, 0],
		[80, "PAD30", "T", 1555, -1945, 0],
		[81, "PAD30", "B", 1555, -1945, 0],
		[82, "PAD31", "T", 1555, -2045, 0],
		[83, "PAD31", "B", 1555, -2045, 0],
		[84, "PAD32", "T", 1555, -2145, 0],
		[85, "PAD32", "B", 1555, -2145, 0],
		[86, "PAD33", "T", 1555, -2245, 0],
		[87, "PAD33", "B", 1555, -2245, 0],
		[88, "PAD34", "T", 1555, -2345, 0],
		[89, "PAD34", "B", 1555, -2345, 0],
		[90, "PAD35", "T", 1555, -2445, 0],
		[91, "PAD35", "B", 1555, -2445, 0],
		[92, "PAD36", "T", 1555, -2545, 0],
		[93, "PAD36", "B", 1555, -2545, 0],
		[94, "PAD37", "T", 1555, -2645, 0],
		[95, "PAD37", "B", 1555, -2645, 0],
		[96, "PAD38", "T", 1555, -2745, 0],
		[97, "PAD38", "B", 1555, -2745, 0],
		[98, "PAD39", "T", 1555, -2845, 0],
		[99, "PAD39", "B", 1555, -2845, 0],
		[100, "PAD40", "T", 1555, -2945, 0],
		[101, "PAD40", "B", 1555, -2945, 0],
		[102, "PAD41", "T", 1555, -1545, 0],
		[103, "PAD41", "B", 1555, -1545, 0],
		[104, "PAD42", "T", 1555, -1445, 0],
		[105, "PAD42", "B", 1555, -1445, 0],
		[106, "PAD43", "T", -500, -2580, 0],
		[107, "PAD43", "B", -500, -2580, 0],
		[108, "PAD44", "T", -500, -2680, 0],
		[109, "PAD44", "B", -500, -2680, 0],
		[110, "PAD45", "T", -500, -2780, 0],
		[111, "PAD45", "B", -500, -2780, 0],
		[112, "PAD46", "T", -500, -2880, 0],
		[113, "PAD46", "B", -500, -2880, 0],
		[114, "PAD47", "T", -5, -2980, 0],
		[115, "PAD47", "B", -5, -2980, 0],
		[116, "PAD48", "T", -5, -2880, 0],
		[117, "PAD48", "B", -5, -2880, 0],
		[118, "PAD49", "T", -5, -2780, 0],
		[119, "PAD49", "B", -5, -2780, 0],
		[120, "PAD50", "T", -105, -2980, 0],
		[121, "PAD50", "B", -105, -2980, 0],
		[122, "PAD51", "T", -105, -2880, 0],
		[123, "PAD51", "B", -105, -2880, 0],
		[124, "PAD52", "T", -105, -2780, 0],
		[125, "PAD52", "B", -105, -2780, 0],
		[126, "PAD53", "T", -500, -1755, 0],
		[127, "PAD53", "B", -500, -1755, 0],
		[128, "PAD54", "T", -500, -1855, 0],
		[129, "PAD54", "B", -500, -1855, 0],
		[130, "PAD55", "T", -500, -1955, 0],
		[131, "PAD55", "B", -500, -1955, 0],
		[132, "PAD56", "T", -500, -2055, 0],
		[133, "PAD56", "B", -500, -2055, 0],
		[134, "PAD57", "T", -5, -2155, 0],
		[135, "PAD57", "B", -5, -2155, 0],
		[136, "PAD58", "T", -5, -2055, 0],
		[137, "PAD58", "B", -5, -2055, 0],
		[138, "PAD59", "T", -5, -1955, 0],
		[139, "PAD59", "B", -5, -1955, 0],
		[140, "PAD60", "T", -105, -1955, 0],
		[141, "PAD60", "B", -105, -1955, 0],
		[142, "PAD61", "T", -105, -2055, 0],
		[143, "PAD61", "B", -105, -2055, 0],
		[144, "PAD62", "T", -105, -2155, 0],
		[145, "PAD62", "B", -105, -2155, 0],
		[146, "PAD63", "T", -395, -475, 0],
		[147, "PAD63", "B", -395, -475, 0],
		[148, "PAD64", "T", -395, -575, 0],
		[149, "PAD64", "B", -395, -575, 0],
		[150, "PAD65", "T", -395, -675, 0],
		[151, "PAD65", "B", -395, -675, 0],
		[152, "PAD66", "T", -395, -775, 0],
		[153, "PAD66", "B", -395, -775, 0],
		[154, "PAD67", "T", -295, -475, 0],
		[155, "PAD67", "B", -295, -475, 0],
		[156, "PAD68", "T", -295, -575, 0],
		[157, "PAD68", "B", -295, -575, 0],
		[158, "PAD69", "T", -295, -675, 0],
		[159, "PAD69", "B", -295, -675, 0],
		[160, "PAD70", "T", -295, -775, 0],
		[161, "PAD70", "B", -295, -775, 0],
		[162, "PAD71", "T", -195, -475, 0],
		[163, "PAD71", "B", -195, -475, 0],
		[164, "PAD72", "T", -195, -575, 0],
		[165, "PAD72", "B", -195, -575, 0],
		[166, "PAD73", "T", -195, -675, 0],
		[167, "PAD73", "B", -195, -675, 0],
		[168, "PAD74", "T", -195, -775, 0],
		[169, "PAD74", "B", -195, -775, 0],
		[170, "PAD75", "T", 1110, -935, 0],
		[171, "PAD75", "B", 1110, -935, 0],
		[172, "PAD76", "T", 1210, -935, 0],
		[173, "PAD76", "B", 1210, -935, 0],
		[174, "PAD77", "T", 1010, -935, 0],
		[175, "PAD77", "B", 1010, -935, 0],
		[176, "PAD78", "T", 910, -935, 0],
		[177, "PAD78", "B", 910, -935, 0],
		[178, "PAD79", "T", 810, -935, 0],
		[179, "PAD79", "B", 810, -935, 0],
		[180, "PAD80", "T", -469.98, -197.17, 0],
		[181, "PAD80", "B", -469.98, -197.17, 0],
		[182, "PAD81", "T", -332.2, -197.17, 0],
		[183, "PAD81", "B", -332.2, -197.17, 0],
		[184, "PAD82", "T", -332.2, -270, 0],
		[185, "PAD82", "B", -332.2, -270, 0],
		[186, "PAD83", "T", -470, -270, 0],
		[187, "PAD83", "B", -470, -270, 0],
		[188, "PAD84", "T", -470, -132.21, 0],
		[189, "PAD84", "B", -470, -132.21, 0],
		[190, "PAD85", "T", -332.2, -132.21, 0],
		[191, "PAD85", "B", -332.2, -132.21, 0],
		[192, "PAD86", "T", -315, -2880, 0],
		[193, "PAD86", "B", -315, -2880, 0],
		[194, "PAD87", "T", -315, -2980, 0],
		[195, "PAD87", "B", -315, -2980, 0],
		[196, "PAD88", "T", -315, -3080, 0],
		[197, "PAD88", "B", -315, -3080, 0],
		[198, "PAD89", "T", -315, -2780, 0],
		[199, "PAD89", "B", -315, -2780, 0],
		[200, "PAD90", "T", -315, -2680, 0],
		[201, "PAD90", "B", -315, -2680, 0],
		[202, "PAD91", "T", -315, -2580, 0],
		[203, "PAD91", "B", -315, -2580, 0],
		[204, "PAD92", "T", -315, -2480, 0],
		[205, "PAD92", "B", -315, -2480, 0],
		[206, "PAD93", "T", -315, -2380, 0],
		[207, "PAD93", "B", -315, -2380, 0],
		[208, "PAD94", "T", 185, -2380, 0],
		[209, "PAD94", "B", 185, -2380, 0],
		[210, "PAD95", "T", 185, -2480, 0],
		[211, "PAD95", "B", 185, -2480, 0],
		[212, "PAD96", "T", 185, -2580, 0],
		[213, "PAD96", "B", 185, -2580, 0],
		[214, "PAD97", "T", 185, -2680, 0],
		[215, "PAD97", "B", 185, -2680, 0],
		[216, "PAD98", "T", 185, -2780, 0],
		[217, "PAD98", "B", 185, -2780, 0],
		[218, "PAD99", "T", 185, -2880, 0],
		[219, "PAD99", "B", 185, -2880, 0],
		[220, "PAD100", "T", 185, -2980, 0],
		[221, "PAD100", "B", 185, -2980, 0],
		[222, "PAD101", "T", 185, -3080, 0],
		[223, "PAD101", "B", 185, -3080, 0],
		[224, "PAD102", "T", -315, -2055, 0],
		[225, "PAD102", "B", -315, -2055, 0],
		[226, "PAD103", "T", -315, -2155, 0],
		[227, "PAD103", "B", -315, -2155, 0],
		[228, "PAD104", "T", -315, -2255, 0],
		[229, "PAD104", "B", -315, -2255, 0],
		[230, "PAD105", "T", -315, -1955, 0],
		[231, "PAD105", "B", -315, -1955, 0],
		[232, "PAD106", "T", -315, -1855, 0],
		[233, "PAD106", "B", -315, -1855, 0],
		[234, "PAD107", "T", -315, -1755, 0],
		[235, "PAD107", "B", -315, -1755, 0],
		[236, "PAD108", "T", -315, -1655, 0],
		[237, "PAD108", "B", -315, -1655, 0],
		[238, "PAD109", "T", -315, -1555, 0],
		[239, "PAD109", "B", -315, -1555, 0],
		[240, "PAD110", "T", 185, -1555, 0],
		[241, "PAD110", "B", 185, -1555, 0],
		[242, "PAD111", "T", 185, -1655, 0],
		[243, "PAD111", "B", 185, -1655, 0],
		[244, "PAD112", "T", 185, -1755, 0],
		[245, "PAD112", "B", 185, -1755, 0],
		[246, "PAD113", "T", 185, -1855, 0],
		[247, "PAD113", "B", 185, -1855, 0],
		[248, "PAD114", "T", 185, -1955, 0],
		[249, "PAD114", "B", 185, -1955, 0],
		[250, "PAD115", "T", 185, -2055, 0],
		[251, "PAD115", "B", 185, -2055, 0],
		[252, "PAD116", "T", 185, -2155, 0],
		[253, "PAD116", "B", 185, -2155, 0],
		[254, "PAD117", "T", 185, -2255, 0],
		[255, "PAD117", "B", 185, -2255, 0],
		[256, "PAD118", "T", 1552.5197, -27.4803, 0],
		[257, "PAD118", "B", 1552.5197, -27.4803, 0],
		[258, "PAD119", "T", -2.4803, -27.4803, 0],
		[259, "PAD119", "B", -2.4803, -27.4803, 0],
		[260, "PAD120", "T", 1552.5197, -702.4803, 0],
		[261, "PAD120", "B", 1552.5197, -702.4803, 0],
		[262, "PAD121", "T", -2.5, -702.4803, 0],
		[263, "PAD121", "B", -2.5, -702.4803, 0],
		[264, "PAD122", "T", -485, -2303.07, 0],
		[265, "PAD122", "B", -485, -2303.07, 0],
		[266, "PAD123", "T", -485, -2186.93, 0],
		[267, "PAD123", "B", -485, -2186.93, 0],
		[268, "PAD124", "T", -480, -3148.07, 0],
		[269, "PAD124", "B", -480, -3148.07, 0],
		[270, "PAD125", "T", -480, -3031.93, 0],
		[271, "PAD125", "B", -480, -3031.93, 0],
		[272, "PAD126", "T", 1405, -1445, 0],
		[273, "PAD126", "B", 1405, -1445, 0],
		[274, "PAD127", "T", 1405, -1545, 0],
		[275, "PAD127", "B", 1405, -1545, 0],
		[276, "PAD128", "T", 1405, -1645, 0],
		[277, "PAD128", "B", 1405, -1645, 0],
		[278, "PAD129", "T", 1405, -1745, 0],
		[279, "PAD129", "B", 1405, -1745, 0],
		[280, "PAD130", "T", 1405, -1845, 0],
		[281, "PAD130", "B", 1405, -1845, 0],
		[282, "PAD131", "T", 1405, -1945, 0],
		[283, "PAD131", "B", 1405, -1945, 0],
		[284, "PAD132", "T", 1405, -2045, 0],
		[285, "PAD132", "B", 1405, -2045, 0],
		[286, "PAD133", "T", 1405, -2145, 0],
		[287, "PAD133", "B", 1405, -2145, 0],
		[288, "PAD134", "T", 1405, -2245, 0],
		[289, "PAD134", "B", 1405, -2245, 0],
		[290, "PAD135", "T", 1405, -2345, 0],
		[291, "PAD135", "B", 1405, -2345, 0],
		[292, "PAD136", "T", 1405, -2445, 0],
		[293, "PAD136", "B", 1405, -2445, 0],
		[294, "PAD137", "T", 1405, -2545, 0],
		[295, "PAD137", "B", 1405, -2545, 0],
		[296, "PAD138", "T", 1405, -2645, 0],
		[297, "PAD138", "B", 1405, -2645, 0],
		[298, "PAD139", "T", 1405, -2745, 0],
		[299, "PAD139", "B", 1405, -2745, 0],
		[300, "PAD140", "T", 1405, -2845, 0],
		[301, "PAD140", "B", 1405, -2845, 0],
		[302, "PAD141", "T", 505, -1545, 0],
		[303, "PAD141", "B", 505, -1545, 0],
		[304, "PAD142", "T", 505, -1645, 0],
		[305, "PAD142", "B", 505, -1645, 0],
		[306, "PAD143", "T", 505, -1745, 0],
		[307, "PAD143", "B", 505, -1745, 0],
		[308, "PAD144", "T", 505, -1845, 0],
		[309, "PAD144", "B", 505, -1845, 0],
		[310, "PAD145", "T", 505, -1945, 0],
		[311, "PAD145", "B", 505, -1945, 0],
		[312, "PAD146", "T", 505, -2045, 0],
		[313, "PAD146", "B", 505, -2045, 0],
		[314, "PAD147", "T", 505, -2145, 0],
		[315, "PAD147", "B", 505, -2145, 0],
		[316, "PAD148", "T", 505, -2245, 0],
		[317, "PAD148", "B", 505, -2245, 0],
		[318, "PAD149", "T", 505, -2345, 0],
		[319, "PAD149", "B", 505, -2345, 0],
		[320, "PAD150", "T", 505, -2445, 0],
		[321, "PAD150", "B", 505, -2445, 0],
		[322, "PAD151", "T", 505, -2545, 0],
		[323, "PAD151", "B", 505, -2545, 0],
		[324, "PAD152", "T", 505, -2645, 0],
		[325, "PAD152", "B", 505, -2645, 0],
		[326, "PAD153", "T", 505, -2745, 0],
		[327, "PAD153", "B", 505, -2745, 0],
		[328, "PAD154", "T", 505, -2845, 0],
		[329, "PAD154", "B", 505, -2845, 0],
		[330, "PAD155", "T", 505, -1445, 0],
		[331, "PAD155", "B", 505, -1445, 0],
		[332, "PAD156", "T", 1405, -2945, 0],
		[333, "PAD156", "B", 1405, -2945, 0],
		[334, "PAD157", "T", 1405, -3045, 0],
		[335, "PAD157", "B", 1405, -3045, 0],
		[336, "PAD158", "T", 1405, -1345.01, 0],
		[337, "PAD158", "B", 1405, -1345.01, 0],
		[338, "PAD159", "T", 505, -1345.01, 0],
		[339, "PAD159", "B", 505, -1345.01, 0],
		[340, "PAD160", "T", 505, -2945, 0],
		[341, "PAD160", "B", 505, -2945, 0],
		[342, "PAD161", "T", 505, -3045, 0],
		[343, "PAD161", "B", 505, -3045, 0],
		[344, "PAD162", "T", 1405, -3145, 0],
		[345, "PAD162", "B", 1405, -3145, 0],
		[346, "PAD163", "T", 505, -3145, 0],
		[347, "PAD163", "B", 505, -3145, 0],
		[348, "PAD164", "T", -495, -475, 0],
		[349, "PAD164", "B", -495, -475, 0],
		[350, "PAD165", "T", -495, -575, 0],
		[351, "PAD165", "B", -495, -575, 0],
		[352, "PAD166", "T", -495, -675, 0],
		[353, "PAD166", "B", -495, -675, 0],
		[354, "PAD167", "T", -495, -775, 0],
		[355, "PAD167", "B", -495, -775, 0]
	]
},
"pins": {
	"fields": ["PIN_NO", "PIN_NAME", "PIN_X", "PIN_Y", "LAYER", "PIN_TYPE", "NET_NAME", "NET_TYPE", "PAD_SHAPE", "PAD_SIZEX", "PAD_SIZEY", "HOLE_SIZE", "HOLE_LEN", "PAD_ANGLE"],
	"rows": [
		[1, "3V_1", -195, -775, "T", "DIP", "3.3V", "", "R", 63.779, 63.779, 40.158, 40.158, 90],
		[2, "3V_1", -195, -775, "B", "DIP", "3.3V", "", "R", 63.779, 63.779, 40.158, 40.158, 90],
		[3, "3V_2", -195, -675, "T", "DIP", "3.3V", "", "C", 63.779, 63.779, 40.158, 40.158, 90],
		[4, "3V_2", -195, -675, "B", "DIP", "3.3V", "", "C", 63.779, 63.779, 40.158, 40.158, 90],
		[5, "3V_3", -195, -575, "T", "DIP", "3.3V", "", "C", 63.779, 63.779, 40.158, 40.158, 90],
		[6, "3V_3", -195, -575, "B", "DIP", "3.3V", "", "C", 63.779, 63.779, 40.158, 40.158, 90],
		[7, "3V_4", -195, -475, "T", "DIP", "3.3V", "", "C", 63.779, 63.779, 40.158, 40.158, 90],
		[8, "3V_4", -195, -475, "B", "DIP", "3.3V", "", "C", 63.779, 63.779, 40.158, 40.158, 90],
		[9, "5V_1", -395, -775, "T", "DIP", "VCC", "", "R", 63.779, 63.779, 40.158, 40.158, 90],
		[10, "5V_1", -395, -775, "B", "DIP", "VCC", "", "R", 63.779, 63.779, 40.158, 40.158, 90],
		[11, "5V_2", -395, -675, "T", "DIP", "VCC", "", "C", 63.779, 63.779, 40.158, 40.158, 90],
		[12, "5V_2", -395, -675, "B", "DIP", "VCC", "", "C", 63.779, 63.779, 40.158, 40.158, 90],
		[13, "5V_3", -395, -575, "T", "DIP", "VCC", "", "C", 63.779, 63.779, 40.158, 40.158, 90],
		[14, "5V_3", -395, -575, "B", "DIP", "VCC", "", "C", 63.779, 63.779, 40.158, 40.158, 90],
		[15, "5V_4", -395, -475, "T", "DIP", "VCC", "", "C", 63.779, 63.779, 40.158, 40.158, 90],
		[16, "5V_4", -395, -475, "B", "DIP", "VCC", "", "C", 63.779, 63.779, 40.158, 40.158, 90],
		[17, "GND_1", -295, -775, "T", "DIP", "GND", "GND", "R", 63.779, 63.779, 40.158, 40.158, 90],
		[18, "GND_1", -295, -775, "B", "DIP", "GND", "GND", "R", 63.779, 63.779, 40.158, 40.158, 90],
		[19, "GND_2", -295, -675, "T", "DIP", "GND", "GND", "C", 63.779, 63.779, 40.158, 40.158, 90],
		[20, "GND_2", -295, -675, "B", "DIP", "GND", "GND", "C", 63.779, 63.779, 40.158, 40.158, 90],
		[21, "GND_3", -295, -575, "T", "DIP", "GND", "GND", "C", 63.779, 63.779, 40.158, 40.158, 90],
		[22, "GND_3", -295, -575, "B", "DIP", "GND", "GND", "C", 63.779, 63.779, 40.158, 40.158, 90],
		[23, "GND_4", -295, -475, "T", "DIP", "GND", "GND", "C", 63.779, 63.779, 40.158, 40.158, 90],
		[24, "GND_4", -295, -475, "B", "DIP", "GND", "GND", "C", 63.779, 63.779, 40.158, 40.158, 90],
		[25, "GND_1", -495, -775, "T", "DIP", "GND", "GND", "R", 63.779, 63.779, 40.158, 40.158, 90],
		[26, "GND_1", -495, -775, "B", "DIP", "GND", "GND", "R", 63.779, 63.779, 40.158, 40.158, 90],
		[27, "GND_2", -495, -675, "T", "DIP", "GND", "GND", "C", 63.779, 63.779, 40.158, 40.158, 90],
		[28, "GND_2", -495, -675, "B", "DIP", "GND", "GND", "C", 63.779, 63.779, 40.158, 40.158, 90],
		[29, "GND_3", -495, -575, "T", "DIP", "GND", "GND", "C", 63.779, 63.779, 40.158, 40.158, 90],
		[30, "GND_3", -495, -575, "B", "DIP", "GND", "GND", "C", 63.779, 63.779, 40.158, 40.158, 90],
		[31, "GND_4", -495, -475, "T", "DIP", "GND", "GND", "C", 63.779, 63.779, 40.158, 40.158, 90],
		[32, "GND_4", -495, -475, "B", "DIP", "GND", "GND", "C", 63.779, 63.779, 40.158, 40.158, 90],
		[33, "H1_1", -500, -2880, "T", "DIP", "$1N9090", "", "R", 63.779, 63.779, 40.158, 40.158, 90],
		[34, "H1_1", -500, -2880, "B", "DIP", "$1N9090", "", "R", 63.779, 63.779, 40.158, 40.158, 90],
		[35, "H1_2", -500, -2780, "T", "DIP", "$1N9083", "", "C", 63.779, 63.779, 40.158, 40.158, 90],
		[36, "H1_2", -500, -2780, "B", "DIP", "$1N9083", "", "C", 63.779, 63.779, 40.158, 40.158, 90],
		[37, "H1_3", -500, -2680, "T", "DIP", "$1N9076", "", "C", 63.779, 63.779, 40.158, 40.158, 90],
		[38, "H1_3", -500, -2680, "B", "DIP", "$1N9076", "", "C", 63.779, 63.779, 40.158, 40.158, 90],
		[39, "H1_4", -500, -2580, "T", "DIP", "$1N9070", "", "C", 63.779, 63.779, 40.158, 40.158, 90],
		[40, "H1_4", -500, -2580, "B", "DIP", "$1N9070", "", "C", 63.779, 63.779, 40.158, 40.158, 90],
		[41, "H2_1", -5, -2780, "T", "DIP", "$1N9258", "", "R", 62, 70.866, 47.244, 47.244, 270],
		[42, "H2_1", -5, -2780, "B", "DIP", "$1N9258", "", "R", 62, 70.866, 47.244, 47.244, 270],
		[43, "H2_2", -5, -2880, "T", "DIP", "$1N9264", "", "C", 70.866, 70.866, 47.244, 47.244, 270],
		[44, "H2_2", -5, -2880, "B", "DIP", "$1N9264", "", "C", 70.866, 70.866, 47.244, 47.244, 270],
		[45, "H2_3", -5, -2980, "T", "DIP", "$1N9269", "", "C", 70.866, 70.866, 47.244, 47.244, 270],
		[46, "H2_3", -5, -2980, "B", "DIP", "$1N9269", "", "C", 70.866, 70.866, 47.244, 47.244, 270],
		[47, "H3_1", -105, -2780, "T", "DIP", "3.3V", "", "R", 62, 70.866, 47.244, 47.244, 270],
		[48, "H3_1", -105, -2780, "B", "DIP", "3.3V", "", "R", 62, 70.866, 47.244, 47.244, 270],
		[49, "H3_2", -105, -2880, "T", "DIP", "3.3V", "", "C", 70.866, 70.866, 47.244, 47.244, 270],
		[50, "H3_2", -105, -2880, "B", "DIP", "3.3V", "", "C", 70.866, 70.866, 47.244, 47.244, 270],
		[51, "H3_3", -105, -2980, "T", "DIP", "3.3V", "", "C", 70.866, 70.866, 47.244, 47.244, 270],
		[52, "H3_3", -105, -2980, "B", "DIP", "3.3V", "", "C", 70.866, 70.866, 47.244, 47.244, 270],
		[53, "H4_1", -500, -2055, "T", "DIP", "$1N10108", "", "R", 63.779, 63.779, 40.158, 40.158, 90],
		[54, "H4_1", -500, -2055, "B", "DIP", "$1N10108", "", "R", 63.779, 63.779, 40.158, 40.158, 90],
		[55, "H4_2", -500, -1955, "T", "DIP", "$1N10118", "", "C", 63.779, 63.779, 40.158, 40.158, 90],
		[56, "H4_2", -500, -1955, "B", "DIP", "$1N10118", "", "C", 63.779, 63.779, 40.158, 40.158, 90],
		[57, "H4_3", -500, -1855, "T", "DIP", "$1N10101", "", "C", 63.779, 63.779, 40.158, 40.158, 90],
		[58, "H4_3", -500, -1855, "B", "DIP", "$1N10101", "", "C", 63.779, 63.779, 40.158, 40.158, 90],
		[59, "H4_4", -500, -1755, "T", "DIP", "$1N10105", "", "C", 63.779, 63.779, 40.158, 40.158, 90],
		[60, "H4_4", -500, -1755, "B", "DIP", "$1N10105", "", "C", 63.779, 63.779, 40.158, 40.158, 90],
		[61, "H5_1", -5, -1955, "T", "DIP", "$1N10137", "", "R", 62, 70.866, 47.244, 47.244, 270],
		[62, "H5_1", -5, -1955, "B", "DIP", "$1N10137", "", "R", 62, 70.866, 47.244, 47.244, 270],
		[63, "H5_2", -5, -2055, "T", "DIP", "$1N10143", "", "C", 70.866, 70.866, 47.244, 47.244, 270],
		[64, "H5_2", -5, -2055, "B", "DIP", "$1N10143", "", "C", 70.866, 70.866, 47.244, 47.244, 270],
		[65, "H5_3", -5, -2155, "T", "DIP", "$1N10140", "", "C", 70.866, 70.866, 47.244, 47.244, 270],
		[66, "H5_3", -5, -2155, "B", "DIP", "$1N10140", "", "C", 70.866, 70.866, 47.244, 47.244, 270],
		[67, "H6_1", -105, -2155, "T", "DIP", "3.3V", "", "R", 62, 70.866, 47.244, 47.244, 90],
		[68, "H6_1", -105, -2155, "B", "DIP", "3.3V", "", "R", 62, 70.866, 47.244, 47.244, 90],
		[69, "H6_2", -105, -2055, "T", "DIP", "3.3V", "", "C", 70.866, 70.866, 47.244, 47.244, 90],
		[70, "H6_2", -105, -2055, "B", "DIP", "3.3V", "", "C", 70.866, 70.866, 47.244, 47.244, 90],
		[71, "H6_3", -105, -1955, "T", "DIP", "3.3V", "", "C", 70.866, 70.866, 47.244, 47.244, 90],
		[72, "H6_3", -105, -1955, "B", "DIP", "3.3V", "", "C", 70.866, 70.866, 47.244, 47.244, 90],
		[73, "J1_1", 355, -1345, "T", "DIP", "3.3V", "", "O", 59.0551, 98.4252, 39.3701, 39.3701, 270],
		[74, "J1_1", 355, -1345, "B", "DIP", "3.3V", "", "O", 59.0551, 98.4252, 39.3701, 39.3701, 270],
		[75, "J1_2", 355, -1445, "T", "DIP", "EN", "", "O", 59.0551, 98.4252, 39.3701, 39.3701, 270],
		[76, "J1_2", 355, -1445, "B", "DIP", "EN", "", "O", 59.0551, 98.4252, 39.3701, 39.3701, 270],
		[77, "J1_3", 355, -1545, "T", "DIP", "GPIO36", "", "R", 59.0551, 98.4252, 39.3701, 39.3701, 270],
		[78, "J1_3", 355, -1545, "B", "DIP", "GPIO36", "", "R", 59.0551, 98.4252, 39.3701, 39.3701, 270],
		[79, "J1_4", 355, -1645, "T", "DIP", "GPIO39", "", "O", 59.0551, 98.4252, 39.3701, 39.3701, 270],
		[80, "J1_4", 355, -1645, "B", "DIP", "GPIO39", "", "O", 59.0551, 98.4252, 39.3701, 39.3701, 270],
		[81, "J1_5", 355, -1745, "T", "DIP", "GPIO34", "", "O", 59.0551, 98.4252, 39.3701, 39.3701, 270],
		[82, "J1_5", 355, -1745, "B", "DIP", "GPIO34", "", "O", 59.0551, 98.4252, 39.3701, 39.3701, 270],
		[83, "J1_6", 355, -1845, "T", "DIP", "GPIO35", "", "O", 59.0551, 98.4252, 39.3701, 39.3701, 270],
		[84, "J1_6", 355, -1845, "B", "DIP", "GPIO35", "", "O", 59.0551, 98.4252, 39.3701, 39.3701, 270],
		[85, "J1_7", 355, -1945, "T", "DIP", "GPIO32", "", "O", 59.0551, 98.4252, 39.3701, 39.3701, 270],
		[86, "J1_7", 355, -1945, "B", "DIP", "GPIO32", "", "O", 59.0551, 98.4252, 39.3701, 39.3701, 270],
		[87, "J1_8", 355, -2045, "T", "DIP", "GPIO33", "", "R", 59.0551, 98.4252, 39.3701, 39.3701, 270],
		[88, "J1_8", 355, -2045, "B", "DIP", "GPIO33", "", "R", 59.0551, 98.4252, 39.3701, 39.3701, 270],
		[89, "J1_9", 355, -2145, "T", "DIP", "GPIO25", "", "O", 59.0551, 98.4252, 39.3701, 39.3701, 270],
		[90, "J1_9", 355, -2145, "B", "DIP", "GPIO25", "", "O", 59.0551, 98.4252, 39.3701, 39.3701, 270],
		[91, "J1_10", 355, -2245, "T", "DIP", "STEP2", "", "O", 59.0551, 98.4252, 39.3701, 39.3701, 270],
		[92, "J1_10", 355, -2245, "B", "DIP", "STEP2", "", "O", 59.0551, 98.4252, 39.3701, 39.3701, 270],
		[93, "J1_11", 355, -2345, "T", "DIP", "DIR2", "", "O", 59.0551, 98.4252, 39.3701, 39.3701, 270],
		[94, "J1_11", 355, -2345, "B", "DIP", "DIR2", "", "O", 59.0551, 98.4252, 39.3701, 39.3701, 270],
		[95, "J1_12", 355, -2445, "T", "DIP", "STEP1", "", "O", 59.0551, 98.4252, 39.3701, 39.3701, 270],
		[96, "J1_12", 355, -2445, "B", "DIP", "STEP1", "", "O", 59.0551, 98.4252, 39.3701, 39.3701, 270],
		[97, "J1_13", 355, -2545, "T", "DIP", "DIR1", "", "R", 59.0551, 98.4252, 39.3701, 39.3701, 270],
		[98, "J1_13", 355, -2545, "B", "DIP", "DIR1", "", "R", 59.0551, 98.4252, 39.3701, 39.3701, 270],
		[99, "J1_14", 355, -2645, "T", "DIP", "GND", "GND", "O", 59.0551, 98.4252, 39.3701, 39.3701, 270],
		[100, "J1_14", 355, -2645, "B", "DIP", "GND", "GND", "O", 59.0551, 98.4252, 39.3701, 39.3701, 270],
		[101, "J1_15", 355, -2745, "T", "DIP", "GPIO13", "", "O", 59.0551, 98.4252, 39.3701, 39.3701, 270],
		[102, "J1_15", 355, -2745, "B", "DIP", "GPIO13", "", "O", 59.0551, 98.4252, 39.3701, 39.3701, 270],
		[103, "J1_16", 355, -2845, "T", "DIP", "GPIO9", "", "O", 59.0551, 98.4252, 39.3701, 39.3701, 270],
		[104, "J1_16", 355, -2845, "B", "DIP", "GPIO9", "", "O", 59.0551, 98.4252, 39.3701, 39.3701, 270],
		[105, "J1_17", 355, -2945, "T", "DIP", "GPIO10", "", "O", 59.0551, 98.4252, 39.3701, 39.3701, 270],
		[106, "J1_17", 355, -2945, "B", "DIP", "GPIO10", "", "O", 59.0551, 98.4252, 39.3701, 39.3701, 270],
		[107, "J1_18", 355, -3045, "T", "DIP", "GPIO11", "", "R", 59.0551, 98.4252, 39.3701, 39.3701, 270],
		[108, "J1_18", 355, -3045, "B", "DIP", "GPIO11", "", "R", 59.0551, 98.4252, 39.3701, 39.3701, 270],
		[109, "J1_19", 355, -3145, "T", "DIP", "VCC", "", "O", 59.0551, 98.4252, 39.3701, 39.3701, 270],
		[110, "J1_19", 355, -3145, "B", "DIP", "VCC", "", "O", 59.0551, 98.4252, 39.3701, 39.3701, 270],
		[111, "J2_1", 1555, -3145, "T", "DIP", "GPIO6", "", "O", 59.0551, 98.4252, 39.3701, 39.3701, 90],
		[112, "J2_1", 1555, -3145, "B", "DIP", "GPIO6", "", "O", 59.0551, 98.4252, 39.3701, 39.3701, 90],
		[113, "J2_2", 1555, -3045, "T", "DIP", "GPIO7", "", "O", 59.0551, 98.4252, 39.3701, 39.3701, 90],
		[114, "J2_2", 1555, -3045, "B", "DIP", "GPIO7", "", "O", 59.0551, 98.4252, 39.3701, 39.3701, 90],
		[115, "J2_3", 1555, -2945, "T", "DIP", "GPIO8", "", "R", 59.0551, 98.4252, 39.3701, 39.3701, 90],
		[116, "J2_3", 1555, -2945, "B", "DIP", "GPIO8", "", "R", 59.0551, 98.4252, 39.3701, 39.3701, 90],
		[117, "J2_4", 1555, -2845, "T", "DIP", "CS", "", "O", 59.0551, 98.4252, 39.3701, 39.3701, 90],
		[118, "J2_4", 1555, -2845, "B", "DIP", "CS", "", "O", 59.0551, 98.4252, 39.3701, 39.3701, 90],
		[119, "J2_5", 1555, -2745, "T", "DIP", "GPIO2", "", "O", 59.0551, 98.4252, 39.3701, 39.3701, 90],
		[120, "J2_5", 1555, -2745, "B", "DIP", "GPIO2", "", "O", 59.0551, 98.4252, 39.3701, 39.3701, 90],
		[121, "J2_6", 1555, -2645, "T", "DIP", "GPIO0", "", "O", 59.0551, 98.4252, 39.3701, 39.3701, 90],
		[122, "J2_6", 1555, -2645, "B", "DIP", "GPIO0", "", "O", 59.0551, 98.4252, 39.3701, 39.3701, 90],
		[123, "J2_7", 1555, -2545, "T", "DIP", "GPIO4", "", "O", 59.0551, 98.4252, 39.3701, 39.3701, 90],
		[124, "J2_7", 1555, -2545, "B", "DIP", "GPIO4", "", "O", 59.0551, 98.4252, 39.3701, 39.3701, 90],
		[125, "J2_8", 1555, -2445, "T", "DIP", "GPIO16", "", "R", 59.0551, 98.4252, 39.3701, 39.3701, 90],
		[126, "J2_8", 1555, -2445, "B", "DIP", "GPIO16", "", "R", 59.0551, 98.4252, 39.3701, 39.3701, 90],
		[127, "J2_9", 1555, -2345, "T", "DIP", "GPIO17", "", "O", 59.0551, 98.4252, 39.3701, 39.3701, 90],
		[128, "J2_9", 1555, -2345, "B", "DIP", "GPIO17", "", "O", 59.0551, 98.4252, 39.3701, 39.3701, 90],
		[129, "J2_10", 1555, -2245, "T", "DIP", "GPIO5", "", "O", 59.0551, 98.4252, 39.3701, 39.3701, 90],
		[130, "J2_10", 1555, -2245, "B", "DIP", "GPIO5", "", "O", 59.0551, 98.4252, 39.3701, 39.3701, 90],
		[131, "J2_11", 1555, -2145, "T", "DIP", "CLK", "", "O", 59.0551, 98.4252, 39.3701, 39.3701, 90],
		[132, "J2_11", 1555, -2145, "B", "DIP", "CLK", "", "O", 59.0551, 98.4252, 39.3701, 39.3701, 90],
		[133, "J2_12", 1555, -2045, "T", "DIP", "GPIO19", "", "O", 59.0551, 98.4252, 39.3701, 39.3701, 90],
		[134, "J2_12", 1555, -2045, "B", "DIP", "GPIO19", "", "O", 59.0551, 98.4252, 39.3701, 39.3701, 90],
		[135, "J2_13", 1555, -1945, "T", "DIP", "GND", "GND", "R", 59.0551, 98.4252, 39.3701, 39.3701, 90],
		[136, "J2_13", 1555, -1945, "B", "DIP", "GND", "GND", "R", 59.0551, 98.4252, 39.3701, 39.3701, 90],
		[137, "J2_14", 1555, -1845, "T", "DIP", "SDA", "", "O", 59.0551, 98.4252, 39.3701, 39.3701, 90],
		[138, "J2_14", 1555, -1845, "B", "DIP", "SDA", "", "O", 59.0551, 98.4252, 39.3701, 39.3701, 90],
		[139, "J2_15", 1555, -1745, "T", "DIP", "GPIO3", "", "O", 59.0551, 98.4252, 39.3701, 39.3701, 90],
		[140, "J2_15", 1555, -1745, "B", "DIP", "GPIO3", "", "O", 59.0551, 98.4252, 39.3701, 39.3701, 90],
		[141, "J2_16", 1555, -1645, "T", "DIP", "GPIO1", "", "O", 59.0551, 98.4252, 39.3701, 39.3701, 90],
		[142, "J2_16", 1555, -1645, "B", "DIP", "GPIO1", "", "O", 59.0551, 98.4252, 39.3701, 39.3701, 90],
		[143, "J2_17", 1555, -1545, "T", "DIP", "SCL", "", "O", 59.0551, 98.4252, 39.3701, 39.3701, 90],
		[144, "J2_17", 1555, -1545, "B", "DIP", "SCL", "", "O", 59.0551, 98.4252, 39.3701, 39.3701, 90],
		[145, "J2_18", 1555, -1445, "T", "DIP", "DIN", "", "R", 59.0551, 98.4252, 39.3701, 39.3701, 90],
		[146, "J2_18", 1555, -1445, "B", "DIP", "DIN", "", "R", 59.0551, 98.4252, 39.3701, 39.3701, 90],
		[147, "J2_19", 1555, -1345, "T", "DIP", "GND", "GND", "O", 59.0551, 98.4252, 39.3701, 39.3701, 90],
		[148, "J2_19", 1555, -1345, "B", "DIP", "GND", "GND", "O", 59.0551, 98.4252, 39.3701, 39.3701, 90],
		[149, "J3_1", 1210, -935, "T", "DIP", "VCC", "", "R", 70.866, 70.866, 47.244, 47.244, 180],
		[150, "J3_1", 1210, -935, "B", "DIP", "VCC", "", "R", 70.866, 70.866, 47.244, 47.244, 180],
		[151, "J3_2", 1110, -935, "T", "DIP", "GND", "GND", "C", 70.866, 70.866, 47.244, 47.244, 0],
		[152, "J3_2", 1110, -935, "B", "DIP", "GND", "GND", "C", 70.866, 70.866, 47.244, 47.244, 0],
		[153, "J3_3", 1010, -935, "T", "DIP", "DIN", "", "C", 70.866, 70.866, 47.244, 47.244, 0],
		[154, "J3_3", 1010, -935, "B", "DIP", "DIN", "", "C", 70.866, 70.866, 47.244, 47.244, 0],
		[155, "J3_4", 910, -935, "T", "DIP", "CS", "", "C", 70.866, 70.866, 47.244, 47.244, 0],
		[156, "J3_4", 910, -935, "B", "DIP", "CS", "", "C", 70.866, 70.866, 47.244, 47.244, 0],
		[157, "J3_5", 810, -935, "T", "DIP", "CLK", "", "C", 70.866, 70.866, 47.244, 47.244, 0],
		[158, "J3_5", 810, -935, "B", "DIP", "CLK", "", "C", 70.866, 70.866, 47.244, 47.244, 0],
		[159, "P1_1", -469.98, -197.17, "T", "DIP", "12V", "", "P", 15.748, 94.472, 12.598, 12.598, 180],
		[160, "P1_1", -469.98, -197.17, "B", "DIP", "12V", "", "P", 15.748, 94.472, 12.598, 12.598, 180],
		[161, "P1_1", -470, -270, "T", "DIP", "12V", "", "R", 98.425, 118.11, 51.182, 51.182, 270],
		[162, "P1_1", -470, -270, "B", "DIP", "12V", "", "R", 98.425, 118.11, 51.182, 51.182, 270],
		[163, "P1_1", -470, -132.21, "T", "DIP", "12V", "", "R", 94.488, 94.488, 47.244, 47.444, 0],
		[164, "P1_1", -470, -132.21, "B", "DIP", "12V", "", "R", 94.488, 94.488, 47.244, 47.444, 0],
		[165, "P1_2", -332.2, -197.17, "T", "DIP", "GND", "GND", "P", 15.748, 94.47, 12.598, 12.598, 180],
		[166, "P1_2", -332.2, -197.17, "B", "DIP", "GND", "GND", "P", 15.748, 94.47, 12.598, 12.598, 180],
		[167, "P1_2", -332.2, -270, "T", "DIP", "GND", "GND", "C", 98.425, 98.425, 51.182, 51.182, 180],
		[168, "P1_2", -332.2, -270, "B", "DIP", "GND", "GND", "C", 98.425, 98.425, 51.182, 51.182, 180],
		[169, "P1_2", -332.2, -132.21, "T", "DIP", "GND", "GND", "C", 94.488, 94.488, 47.244, 47.443, 0],
		[170, "P1_2", -332.2, -132.21, "B", "DIP", "GND", "GND", "C", 94.488, 94.488, 47.244, 47.443, 0],
		[171, "U2_1", -509.9606, -1009.4882, "T", "DIP", "VCC", "", "C", 59.0551, 59.0551, 39.3701, 39.3701, 270],
		[172, "U2_1", -509.9606, -1009.4882, "B", "DIP", "VCC", "", "C", 59.0551, 59.0551, 39.3701, 39.3701, 270],
		[173, "U2_2", -409.9606, -1009.4882, "T", "DIP", "GND", "GND", "C", 59.0551, 59.0551, 39.3701, 39.3701, 270],
		[174, "U2_2", -409.9606, -1009.4882, "B", "DIP", "GND", "GND", "C", 59.0551, 59.0551, 39.3701, 39.3701, 270],
		[175, "U2_3", -309.9606, -1009.4882, "T", "DIP", "SCL", "", "C", 59.0551, 59.0551, 39.3701, 39.3701, 270],
		[176, "U2_3", -309.9606, -1009.4882, "B", "DIP", "SCL", "", "C", 59.0551, 59.0551, 39.3701, 39.3701, 270],
		[177, "U2_4", -209.9606, -1009.4882, "T", "DIP", "SDA", "", "C", 59.0551, 59.0551, 39.3701, 39.3701, 270],
		[178, "U2_4", -209.9606, -1009.4882, "B", "DIP", "SDA", "", "C", 59.0551, 59.0551, 39.3701, 39.3701, 270],
		[179, "U2_5", -109.9606, -1009.4882, "T", "DIP", "NET_1", "", "C", 59.0551, 59.0551, 39.3701, 39.3701, 270],
		[180, "U2_5", -109.9606, -1009.4882, "B", "DIP", "NET_1", "", "C", 59.0551, 59.0551, 39.3701, 39.3701, 270],
		[181, "U2_6", -9.9606, -1009.4882, "T", "DIP", "NET_2", "", "C", 59.0551, 59.0551, 39.3701, 39.3701, 270],
		[182, "U2_6", -9.9606, -1009.4882, "B", "DIP", "NET_2", "", "C", 59.0551, 59.0551, 39.3701, 39.3701, 270],
		[183, "U2_7", 90.0394, -1009.4882, "T", "DIP", "NET_3", "", "C", 59.0551, 59.0551, 39.3701, 39.3701, 270],
		[184, "U2_7", 90.0394, -1009.4882, "B", "DIP", "NET_3", "", "C", 59.0551, 59.0551, 39.3701, 39.3701, 270],
		[185, "U2_8", 190.0394, -1009.4882, "T", "DIP", "NET_4", "", "C", 59.0551, 59.0551, 39.3701, 39.3701, 270],
		[186, "U2_8", 190.0394, -1009.4882, "B", "DIP", "NET_4", "", "C", 59.0551, 59.0551, 39.3701, 39.3701, 270],
		[187, "U4_1", 185, -3080, "T", "DIP", "GND", "GND", "C", 66.929, 66.929, 40.2, 40.2, 180],
		[188, "U4_1", 185, -3080, "B", "DIP", "GND", "GND", "C", 66.929, 66.929, 40.2, 40.2, 180],
		[189, "U4_2", 185, -2980, "T", "DIP", "$1N9269", "", "C", 66.929, 66.929, 40.158, 40.158, 180],
		[190, "U4_2", 185, -2980, "B", "DIP", "$1N9269", "", "C", 66.929, 66.929, 40.158, 40.158, 180],
		[191, "U4_3", 185, -2880, "T", "DIP", "$1N9264", "", "C", 66.929, 66.929, 40.158, 40.158, 180],
		[192, "U4_3", 185, -2880, "B", "DIP", "$1N9264", "", "C", 66.929, 66.929, 40.158, 40.158, 180],
		[193, "U4_4", 185, -2780, "T", "DIP", "$1N9258", "", "C", 66.929, 66.929, 40.158, 40.158, 180],
		[194, "U4_4", 185, -2780, "B", "DIP", "$1N9258", "", "C", 66.929, 66.929, 40.158, 40.158, 180],
		[195, "U4_5", 185, -2680, "T", "DIP", "$1N9154", "", "C", 66.929, 66.929, 40.158, 40.158, 180],
		[196, "U4_5", 185, -2680, "B", "DIP", "$1N9154", "", "C", 66.929, 66.929, 40.158, 40.158, 180],
		[197, "U4_6", 185, -2580, "T", "DIP", "$1N9154", "", "C", 66.929, 66.929, 40.158, 40.158, 180],
		[198, "U4_6", 185, -2580, "B", "DIP", "$1N9154", "", "C", 66.929, 66.929, 40.158, 40.158, 180],
		[199, "U4_7", 185, -2480, "T", "DIP", "STEP1", "", "C", 66.929, 66.929, 40.158, 40.158, 180],
		[200, "U4_7", 185, -2480, "B", "DIP", "STEP1", "", "C", 66.929, 66.929, 40.158, 40.158, 180],
		[201, "U4_8", 185, -2380, "T", "DIP", "DIR1", "", "C", 66.929, 66.929, 40.158, 40.158, 180],
		[202, "U4_8", 185, -2380, "B", "DIP", "DIR1", "", "C", 66.929, 66.929, 40.158, 40.158, 180],
		[203, "U4_9", -315, -2380, "T", "DIP", "GND", "GND", "R", 66.929, 66.929, 40.158, 40.158, 180],
		[204, "U4_9", -315, -2380, "B", "DIP", "GND", "GND", "R", 66.929, 66.929, 40.158, 40.158, 180],
		[205, "U4_10", -315, -2480, "T", "DIP", "3.3V", "", "C", 66.929, 66.929, 40.158, 40.158, 180],
		[206, "U4_10", -315, -2480, "B", "DIP", "3.3V", "", "C", 66.929, 66.929, 40.158, 40.158, 180],
		[207, "U4_11", -315, -2580, "T", "DIP", "$1N9070", "", "C", 66.929, 66.929, 40.158, 40.158, 180],
		[208, "U4_11", -315, -2580, "B", "DIP", "$1N9070", "", "C", 66.929, 66.929, 40.158, 40.158, 180],
		[209, "U4_12", -315, -2680, "T", "DIP", "$1N9076", "", "C", 66.929, 66.929, 40.158, 40.158, 180],
		[210, "U4_12", -315, -2680, "B", "DIP", "$1N9076", "", "C", 66.929, 66.929, 40.158, 40.158, 180],
		[211, "U4_13", -315, -2780, "T", "DIP", "$1N9083", "", "C", 66.929, 66.929, 40.158, 40.158, 180],
		[212, "U4_13", -315, -2780, "B", "DIP", "$1N9083", "", "C", 66.929, 66.929, 40.158, 40.158, 180],
		[213, "U4_14", -315, -2880, "T", "DIP", "$1N9090", "", "C", 66.929, 66.929, 40.158, 40.158, 180],
		[214, "U4_14", -315, -2880, "B", "DIP", "$1N9090", "", "C", 66.929, 66.929, 40.158, 40.158, 180],
		[215, "U4_15", -315, -2980, "T", "DIP", "GND", "GND", "R", 66.929, 66.929, 40.158, 40.158, 180],
		[216, "U4_15", -315, -2980, "B", "DIP", "GND", "GND", "R", 66.929, 66.929, 40.158, 40.158, 180],
		[217, "U4_16", -315, -3080, "T", "DIP", "12V", "", "C", 66.929, 66.929, 40.158, 40.158, 180],
		[218, "U4_16", -315, -3080, "B", "DIP", "12V", "", "C", 66.929, 66.929, 40.158, 40.158, 180],
		[219, "U5_1", -485, -2303.07, "T", "DIP", "12V", "", "C", 78.74, 78.74, 36, 36, 90],
		[220, "U5_1", -485, -2303.07, "B", "DIP", "12V", "", "C", 78.74, 78.74, 36, 36, 90],
		[221, "U5_2", -485, -2186.93, "T", "DIP", "GND", "GND", "C", 78.74, 78.74, 36, 36, 90],
		[222, "U5_2", -485, -2186.93, "B", "DIP", "GND", "GND", "C", 78.74, 78.74, 36, 36, 90],
		[223, "U6_1", 185, -2255, "T", "DIP", "GND", "GND", "C", 66.929, 66.929, 40.2, 40.2, 180],
		[224, "U6_1", 185, -2255, "B", "DIP", "GND", "GND", "C", 66.929, 66.929, 40.2, 40.2, 180],
		[225, "U6_2", 185, -2155, "T", "DIP", "$1N10140", "", "C", 66.929, 66.929, 40.158, 40.158, 180],
		[226, "U6_2", 185, -2155, "B", "DIP", "$1N10140", "", "C", 66.929, 66.929, 40.158, 40.158, 180],
		[227, "U6_3", 185, -2055, "T", "DIP", "$1N10143", "", "C", 66.929, 66.929, 40.158, 40.158, 180],
		[228, "U6_3", 185, -2055, "B", "DIP", "$1N10143", "", "C", 66.929, 66.929, 40.158, 40.158, 180],
		[229, "U6_4", 185, -1955, "T", "DIP", "$1N10137", "", "C", 66.929, 66.929, 40.158, 40.158, 180],
		[230, "U6_4", 185, -1955, "B", "DIP", "$1N10137", "", "C", 66.929, 66.929, 40.158, 40.158, 180],
		[231, "U6_5", 185, -1855, "T", "DIP", "$1N10129", "", "C", 66.929, 66.929, 40.158, 40.158, 180],
		[232, "U6_5", 185, -1855, "B", "DIP", "$1N10129", "", "C", 66.929, 66.929, 40.158, 40.158, 180],
		[233, "U6_6", 185, -1755, "T", "DIP", "$1N10129", "", "C", 66.929, 66.929, 40.158, 40.158, 180],
		[234, "U6_6", 185, -1755, "B", "DIP", "$1N10129", "", "C", 66.929, 66.929, 40.158, 40.158, 180],
		[235, "U6_7", 185, -1655, "T", "DIP", "STEP2", "", "C", 66.929, 66.929, 40.158, 40.158, 180],
		[236, "U6_7", 185, -1655, "B", "DIP", "STEP2", "", "C", 66.929, 66.929, 40.158, 40.158, 180],
		[237, "U6_8", 185, -1555, "T", "DIP", "DIR2", "", "C", 66.929, 66.929, 40.158, 40.158, 180],
		[238, "U6_8", 185, -1555, "B", "DIP", "DIR2", "", "C", 66.929, 66.929, 40.158, 40.158, 180],
		[239, "U6_9", -315, -1555, "T", "DIP", "GND", "GND", "R", 66.929, 66.929, 40.158, 40.158, 180],
		[240, "U6_9", -315, -1555, "B", "DIP", "GND", "GND", "R", 66.929, 66.929, 40.158, 40.158, 180],
		[241, "U6_10", -315, -1655, "T", "DIP", "3.3V", "", "C", 66.929, 66.929, 40.158, 40.158, 180],
		[242, "U6_10", -315, -1655, "B", "DIP", "3.3V", "", "C", 66.929, 66.929, 40.158, 40.158, 180],
		[243, "U6_11", -315, -1755, "T", "DIP", "$1N10105", "", "C", 66.929, 66.929, 40.158, 40.158, 180],
		[244, "U6_11", -315, -1755, "B", "DIP", "$1N10105", "", "C", 66.929, 66.929, 40.158, 40.158, 180],
		[245, "U6_12", -315, -1855, "T", "DIP", "$1N10101", "", "C", 66.929, 66.929, 40.158, 40.158, 180],
		[246, "U6_12", -315, -1855, "B", "DIP", "$1N10101", "", "C", 66.929, 66.929, 40.158, 40.158, 180],
		[247, "U6_13", -315, -1955, "T", "DIP", "$1N10118", "", "C", 66.929, 66.929, 40.158, 40.158, 180],
		[248, "U6_13", -315, -1955, "B", "DIP", "$1N10118", "", "C", 66.929, 66.929, 40.158, 40.158, 180],
		[249, "U6_14", -315, -2055, "T", "DIP", "$1N10108", "", "C", 66.929, 66.929, 40.158, 40.158, 180],
		[250, "U6_14", -315, -2055, "B", "DIP", "$1N10108", "", "C", 66.929, 66.929, 40.158, 40.158, 180],
		[251, "U6_15", -315, -2155, "T", "DIP", "GND", "GND", "R", 66.929, 66.929, 40.158, 40.158, 180],
		[252, "U6_15", -315, -2155, "B", "DIP", "GND", "GND", "R", 66.929, 66.929, 40.158, 40.158, 180],
		[253, "U6_16", -315, -2255, "T", "DIP", "12V", "", "C", 66.929, 66.929, 40.158, 40.158, 180],
		[254, "U6_16", -315, -2255, "B", "DIP", "12V", "", "C", 66.929, 66.929, 40.158, 40.158, 180],
		[255, "U7_1", -480, -3148.07, "T", "DIP", "12V", "", "C", 78.74, 78.74, 36, 36, 90],
		[256, "U7_1", -480, -3148.07, "B", "DIP", "12V", "", "C", 78.74, 78.74, 36, 36, 90],
		[257, "U7_2", -480, -3031.93, "T", "DIP", "GND", "GND", "C", 78.74, 78.74, 36, 36, 90],
		[258, "U7_2", -480, -3031.93, "B", "DIP", "GND", "GND", "C", 78.74, 78.74, 36, 36, 90],
		[259, "U8_1", -2.4803, -27.4803, "T", "DIP", "12V", "", "R", 125.9843, 125.9843, 36, 36, 0],
		[260, "U8_1", -2.4803, -27.4803, "B", "DIP", "12V", "", "R", 125.9843, 125.9843, 36, 36, 0],
		[261, "U8_2", -2.5, -702.4803, "T", "DIP", "GND", "GND", "R", 125.9843, 125.9843, 36, 36, 0],
		[262, "U8_2", -2.5, -702.4803, "B", "DIP", "GND", "GND", "R", 125.9843, 125.9843, 36, 36, 0],
		[263, "U8_3", 1552.5197, -702.4803, "T", "DIP", "GND", "GND", "R", 125.9843, 125.9843, 36, 36, 0],
		[264, "U8_3", 1552.5197, -702.4803, "B", "DIP", "GND", "GND", "R", 125.9843, 125.9843, 36, 36, 0],
		[265, "U8_4", 1552.5197, -27.4803, "T", "DIP", "VCC", "", "R", 125.9843, 125.9843, 36, 36, 0],
		[266, "U8_4", 1552.5197, -27.4803, "B", "DIP", "VCC", "", "R", 125.9843, 125.9843, 36, 36, 0],
		[267, "U9_1", 505, -1345.01, "T", "DIP", "3.3V", "", "R", 66.929, 66.929, 39.37, 39.37, 180],
		[268, "U9_1", 505, -1345.01, "B", "DIP", "3.3V", "", "R", 66.929, 66.929, 39.37, 39.37, 180],
		[269, "U9_2", 505, -1445, "T", "DIP", "EN", "", "C", 66.929, 66.929, 39.37, 39.37, 90],
		[270, "U9_2", 505, -1445, "B", "DIP", "EN", "", "C", 66.929, 66.929, 39.37, 39.37, 90],
		[271, "U9_3", 505, -1545, "T", "DIP", "GPIO36", "", "C", 66.929, 66.929, 39.37, 39.37, 90],
		[272, "U9_3", 505, -1545, "B", "DIP", "GPIO36", "", "C", 66.929, 66.929, 39.37, 39.37, 90],
		[273, "U9_4", 505, -1645, "T", "DIP", "GPIO39", "", "C", 66.929, 66.929, 39.37, 39.37, 90],
		[274, "U9_4", 505, -1645, "B", "DIP", "GPIO39", "", "C", 66.929, 66.929, 39.37, 39.37, 90],
		[275, "U9_5", 505, -1745, "T", "DIP", "GPIO34", "", "C", 66.929, 66.929, 39.37, 39.37, 90],
		[276, "U9_5", 505, -1745, "B", "DIP", "GPIO34", "", "C", 66.929, 66.929, 39.37, 39.37, 90],
		[277, "U9_6", 505, -1845, "T", "DIP", "GPIO35", "", "C", 66.929, 66.929, 39.37, 39.37, 90],
		[278, "U9_6", 505, -1845, "B", "DIP", "GPIO35", "", "C", 66.929, 66.929, 39.37, 39.37, 90],
		[279, "U9_7", 505, -1945, "T", "DIP", "GPIO32", "", "C", 66.929, 66.929, 39.37, 39.37, 90],
		[280, "U9_7", 505, -1945, "B", "DIP", "GPIO32", "", "C", 66.929, 66.929, 39.37, 39.37, 90],
		[281, "U9_8", 505, -2045, "T", "DIP", "GPIO33", "", "C", 66.929, 66.929, 39.37, 39.37, 90],
		[282, "U9_8", 505, -2045, "B", "DIP", "GPIO33", "", "C", 66.929, 66.929, 39.37, 39.37, 90],
		[283, "U9_9", 505, -2145, "T", "DIP", "GPIO25", "", "C", 66.929, 66.929, 39.37, 39.37, 90],
		[284, "U9_9", 505, -2145, "B", "DIP", "GPIO25", "", "C", 66.929, 66.929, 39.37, 39.37, 90],
		[285, "U9_10", 505, -2245, "T", "DIP", "STEP2", "", "C", 66.929, 66.929, 39.37, 39.37, 90],
		[286, "U9_10", 505, -2245, "B", "DIP", "STEP2", "", "C", 66.929, 66.929, 39.37, 39.37, 90],
		[287, "U9_11", 505, -2345, "T", "DIP", "DIR2", "", "C", 66.929, 66.929, 39.37, 39.37, 90],
		[288, "U9_11", 505, -2345, "B", "DIP", "DIR2", "", "C", 66.929, 66.929, 39.37, 39.37, 90],
		[289, "U9_12", 505, -2445, "T", "DIP", "STEP1", "", "C", 66.929, 66.929, 39.37, 39.37, 90],
		[290, "U9_12", 505, -2445, "B", "DIP", "STEP1", "", "C", 66.929, 66.929, 39.37, 39.37, 90],
		[291, "U9_13", 505, -2545, "T", "DIP", "DIR1", "", "C", 66.929, 66.929, 39.37, 39.37, 90],
		[292, "U9_13", 505, -2545, "B", "DIP", "DIR1", "", "C", 66.929, 66.929, 39.37, 39.37, 90],
		[293, "U9_14", 505, -2645, "T", "DIP", "GND", "GND", "C", 66.929, 66.929, 39.37, 39.37, 90],
		[294, "U9_14", 505, -2645, "B", "DIP", "GND", "GND", "C", 66.929, 66.929, 39.37, 39.37, 90],
		[295, "U9_15", 505, -2745, "T", "DIP", "GPIO13", "", "C", 66.929, 66.929, 39.37, 39.37, 90],
		[296, "U9_15", 505, -2745, "B", "DIP", "GPIO13", "", "C", 66.929, 66.929, 39.37, 39.37, 90],
		[297, "U9_16", 505, -2845, "T", "DIP", "GPIO9", "", "C", 66.929, 66.929, 39.37, 39.37, 90],
		[298, "U9_16", 505, -2845, "B", "DIP", "GPIO9", "", "C", 66.929, 66.929, 39.37, 39.37, 90],
		[299, "U9_17", 505, -2945, "T", "DIP", "GPIO10", "", "C", 66.929, 66.929, 39.37, 39.37, 90],
		[300, "U9_17", 505, -2945, "B", "DIP", "GPIO10", "", "C", 66.929, 66.929, 39.37, 39.37, 90],
		[301, "U9_18", 505, -3045, "T", "DIP", "GPIO11", "", "C", 66.929, 66.929, 39.37, 39.37, 90],
		[302, "U9_18", 505, -3045, "B", "DIP", "GPIO11", "", "C", 66.929, 66.929, 39.37, 39.37, 90],
		[303, "U9_19", 505, -3145, "T", "DIP", "VCC", "", "C", 66.929, 66.929, 39.37, 39.37, 90],
		[304, "U9_19", 505, -3145, "B", "DIP", "VCC", "", "C", 66.929, 66.929, 39.37, 39.37, 90],
		[305, "U9_20", 1405, -3145, "T", "DIP", "GPIO6", "", "C", 66.929, 66.929, 39.37, 39.37, 90],
		[306, "U9_20", 1405, -3145, "B", "DIP", "GPIO6", "", "C", 66.929, 66.929, 39.37, 39.37, 90],
		[307, "U9_21", 1405, -3045, "T", "DIP", "GPIO7", "", "C", 66.929, 66.929, 39.37, 39.37, 90],
		[308, "U9_21", 1405, -3045, "B", "DIP", "GPIO7", "", "C", 66.929, 66.929, 39.37, 39.37, 90],
		[309, "U9_22", 1405, -2945, "T", "DIP", "GPIO8", "", "C", 66.929, 66.929, 39.37, 39.37, 90],
		[310, "U9_22", 1405, -2945, "B", "DIP", "GPIO8", "", "C", 66.929, 66.929, 39.37, 39.37, 90],
		[311, "U9_23", 1405, -2845, "T", "DIP", "CS", "", "C", 66.929, 66.929, 39.37, 39.37, 90],
		[312, "U9_23", 1405, -2845, "B", "DIP", "CS", "", "C", 66.929, 66.929, 39.37, 39.37, 90],
		[313, "U9_24", 1405, -2745, "T", "DIP", "GPIO2", "", "C", 66.929, 66.929, 39.37, 39.37, 90],
		[314, "U9_24", 1405, -2745, "B", "DIP", "GPIO2", "", "C", 66.929, 66.929, 39.37, 39.37, 90],
		[315, "U9_25", 1405, -2645, "T", "DIP", "GPIO0", "", "C", 66.929, 66.929, 39.37, 39.37, 90],
		[316, "U9_25", 1405, -2645, "B", "DIP", "GPIO0", "", "C", 66.929, 66.929, 39.37, 39.37, 90],
		[317, "U9_26", 1405, -2545, "T", "DIP", "GPIO4", "", "C", 66.929, 66.929, 39.37, 39.37, 90],
		[318, "U9_26", 1405, -2545, "B", "DIP", "GPIO4", "", "C", 66.929, 66.929, 39.37, 39.37, 90],
		[319, "U9_27", 1405, -2445, "T", "DIP", "GPIO16", "", "C", 66.929, 66.929, 39.37, 39.37, 90],
		[320, "U9_27", 1405, -2445, "B", "DIP", "GPIO16", "", "C", 66.929, 66.929, 39.37, 39.37, 90],
		[321, "U9_28", 1405, -2345, "T", "DIP", "GPIO17", "", "C", 66.929, 66.929, 39.37, 39.37, 90],
		[322, "U9_28", 1405, -2345, "B", "DIP", "GPIO17", "", "C", 66.929, 66.929, 39.37, 39.37, 90],
		[323, "U9_29", 1405, -2245, "T", "DIP", "GPIO5", "", "C", 66.929, 66.929, 39.37, 39.37, 90],
		[324, "U9_29", 1405, -2245, "B", "DIP", "GPIO5", "", "C", 66.929, 66.929, 39.37, 39.37, 90],
		[325, "U9_30", 1405, -2145, "T", "DIP", "CLK", "", "C", 66.929, 66.929, 39.37, 39.37, 90],
		[326, "U9_30", 1405, -2145, "B", "DIP", "CLK", "", "C", 66.929, 66.929, 39.37, 39.37, 90],
		[327, "U9_31", 1405, -2045, "T", "DIP", "GPIO19", "", "C", 66.929, 66.929, 39.37, 39.37, 90],
		[328, "U9_31", 1405, -2045, "B", "DIP", "GPIO19", "", "C", 66.929, 66.929, 39.37, 39.37, 90],
		[329, "U9_32", 1405, -1945, "T", "DIP", "GND", "GND", "C", 66.929, 66.929, 39.37, 39.37, 90],
		[330, "U9_32", 1405, -1945, "B", "DIP", "GND", "GND", "C", 66.929, 66.929, 39.37, 39.37, 90],
		[331, "U9_33", 1405, -1845, "T", "DIP", "SDA", "", "C", 66.929, 66.929, 39.37, 39.37, 90],
		[332, "U9_33", 1405, -1845, "B", "DIP", "SDA", "", "C", 66.929, 66.929, 39.37, 39.37, 90],
		[333, "U9_34", 1405, -1745, "T", "DIP", "GPIO3", "", "C", 66.929, 66.929, 39.37, 39.37, 90],
		[334, "U9_34", 1405, -1745, "B", "DIP", "GPIO3", "", "C", 66.929, 66.929, 39.37, 39.37, 90],
		[335, "U9_35", 1405, -1645, "T", "DIP", "GPIO1", "", "C", 66.929, 66.929, 39.37, 39.37, 90],
		[336, "U9_35", 1405, -1645, "B", "DIP", "GPIO1", "", "C", 66.929, 66.929, 39.37, 39.37, 90],
		[337, "U9_36", 1405, -1545, "T", "DIP", "SCL", "", "C", 66.929, 66.929, 39.37, 39.37, 90],
		[338, "U9_36", 1405, -1545, "B", "DIP", "SCL", "", "C", 66.929, 66.929, 39.37, 39.37, 90],
		[339, "U9_37", 1405, -1445, "T", "DIP", "DIN", "", "C", 66.929, 66.929, 39.37, 39.37, 90],
		[340, "U9_37", 1405, -1445, "B", "DIP", "DIN", "", "C", 66.929, 66.929, 39.37, 39.37, 90],
		[341, "U9_38", 1405, -1345.01, "T", "DIP", "GND", "GND", "R", 66.929, 66.929, 39.37, 39.37, 180],
		[342, "U9_38", 1405, -1345.01, "B", "DIP", "GND", "GND", "R", 66.929, 66.929, 39.37, 39.37, 180],
		[343, "PAD1_1", -509.9606, -1009.4882, "T", "DIP", "VCC", "", "C", 59.0551, 59.0551, 39.3701, 39.3701, 270],
		[344, "PAD1_1", -509.9606, -1009.4882, "B", "DIP", "VCC", "", "C", 59.0551, 59.0551, 39.3701, 39.3701, 270],
		[345, "PAD2_2", -409.9606, -1009.4882, "T", "DIP", "GND", "GND", "C", 59.0551, 59.0551, 39.3701, 39.3701, 270],
		[346, "PAD2_2", -409.9606, -1009.4882, "B", "DIP", "GND", "GND", "C", 59.0551, 59.0551, 39.3701, 39.3701, 270],
		[347, "PAD3_3", -309.9606, -1009.4882, "T", "DIP", "SCL", "", "C", 59.0551, 59.0551, 39.3701, 39.3701, 270],
		[348, "PAD3_3", -309.9606, -1009.4882, "B", "DIP", "SCL", "", "C", 59.0551, 59.0551, 39.3701, 39.3701, 270],
		[349, "PAD4_4", -209.9606, -1009.4882, "T", "DIP", "SDA", "", "C", 59.0551, 59.0551, 39.3701, 39.3701, 270],
		[350, "PAD4_4", -209.9606, -1009.4882, "B", "DIP", "SDA", "", "C", 59.0551, 59.0551, 39.3701, 39.3701, 270],
		[351, "PAD5_19", 355, -3145, "T", "DIP", "VCC", "", "O", 59.0551, 98.4252, 39.3701, 39.3701, 270],
		[352, "PAD5_19", 355, -3145, "B", "DIP", "VCC", "", "O", 59.0551, 98.4252, 39.3701, 39.3701, 270],
		[353, "PAD6_16", 355, -2845, "T", "DIP", "GPIO9", "", "O", 59.0551, 98.4252, 39.3701, 39.3701, 270],
		[354, "PAD6_16", 355, -2845, "B", "DIP", "GPIO9", "", "O", 59.0551, 98.4252, 39.3701, 39.3701, 270],
		[355, "PAD7_15", 355, -2745, "T", "DIP", "GPIO13", "", "O", 59.0551, 98.4252, 39.3701, 39.3701, 270],
		[356, "PAD7_15", 355, -2745, "B", "DIP", "GPIO13", "", "O", 59.0551, 98.4252, 39.3701, 39.3701, 270],
		[357, "PAD8_1", 355, -1345, "T", "DIP", "3.3V", "", "O", 59.0551, 98.4252, 39.3701, 39.3701, 270],
		[358, "PAD8_1", 355, -1345, "B", "DIP", "3.3V", "", "O", 59.0551, 98.4252, 39.3701, 39.3701, 270],
		[359, "PAD9_2", 355, -1445, "T", "DIP", "EN", "", "O", 59.0551, 98.4252, 39.3701, 39.3701, 270],
		[360, "PAD9_2", 355, -1445, "B", "DIP", "EN", "", "O", 59.0551, 98.4252, 39.3701, 39.3701, 270],
		[361, "PAD10_14", 355, -2645, "T", "DIP", "GND", "GND", "O", 59.0551, 98.4252, 39.3701, 39.3701, 270],
		[362, "PAD10_14", 355, -2645, "B", "DIP", "GND", "GND", "O", 59.0551, 98.4252, 39.3701, 39.3701, 270],
		[363, "PAD11_13", 355, -2545, "T", "DIP", "DIR1", "", "R", 59.0551, 98.4252, 39.3701, 39.3701, 270],
		[364, "PAD11_13", 355, -2545, "B", "DIP", "DIR1", "", "R", 59.0551, 98.4252, 39.3701, 39.3701, 270],
		[365, "PAD12_12", 355, -2445, "T", "DIP", "STEP1", "", "O", 59.0551, 98.4252, 39.3701, 39.3701, 270],
		[366, "PAD12_12", 355, -2445, "B", "DIP", "STEP1", "", "O", 59.0551, 98.4252, 39.3701, 39.3701, 270],
		[367, "PAD13_11", 355, -2345, "T", "DIP", "DIR2", "", "O", 59.0551, 98.4252, 39.3701, 39.3701, 270],
		[368, "PAD13_11", 355, -2345, "B", "DIP", "DIR2", "", "O", 59.0551, 98.4252, 39.3701, 39.3701, 270],
		[369, "PAD14_10", 355, -2245, "T", "DIP", "STEP2", "", "O", 59.0551, 98.4252, 39.3701, 39.3701, 270],
		[370, "PAD14_10", 355, -2245, "B", "DIP", "STEP2", "", "O", 59.0551, 98.4252, 39.3701, 39.3701, 270],
		[371, "PAD15_9", 355, -2145, "T", "DIP", "GPIO25", "", "O", 59.0551, 98.4252, 39.3701, 39.3701, 270],
		[372, "PAD15_9", 355, -2145, "B", "DIP", "GPIO25", "", "O", 59.0551, 98.4252, 39.3701, 39.3701, 270],
		[373, "PAD16_8", 355, -2045, "T", "DIP", "GPIO33", "", "R", 59.0551, 98.4252, 39.3701, 39.3701, 270],
		[374, "PAD16_8", 355, -2045, "B", "DIP", "GPIO33", "", "R", 59.0551, 98.4252, 39.3701, 39.3701, 270],
		[375, "PAD17_7", 355, -1945, "T", "DIP", "GPIO32", "", "O", 59.0551, 98.4252, 39.3701, 39.3701, 270],
		[376, "PAD17_7", 355, -1945, "B", "DIP", "GPIO32", "", "O", 59.0551, 98.4252, 39.3701, 39.3701, 270],
		[377, "PAD18_6", 355, -1845, "T", "DIP", "GPIO35", "", "O", 59.0551, 98.4252, 39.3701, 39.3701, 270],
		[378, "PAD18_6", 355, -1845, "B", "DIP", "GPIO35", "", "O", 59.0551, 98.4252, 39.3701, 39.3701, 270],
		[379, "PAD19_5", 355, -1745, "T", "DIP", "GPIO34", "", "O", 59.0551, 98.4252, 39.3701, 39.3701, 270],
		[380, "PAD19_5", 355, -1745, "B", "DIP", "GPIO34", "", "O", 59.0551, 98.4252, 39.3701, 39.3701, 270],
		[381, "PAD20_4", 355, -1645, "T", "DIP", "GPIO39", "", "O", 59.0551, 98.4252, 39.3701, 39.3701, 270],
		[382, "PAD20_4", 355, -1645, "B", "DIP", "GPIO39", "", "O", 59.0551, 98.4252, 39.3701, 39.3701, 270],
		[383, "PAD21_3", 355, -1545, "T", "DIP", "GPIO36", "", "R", 59.0551, 98.4252, 39.3701, 39.3701, 270],
		[384, "PAD21_3", 355, -1545, "B", "DIP", "GPIO36", "", "R", 59.0551, 98.4252, 39.3701, 39.3701, 270],
		[385, "PAD22_17", 355, -2945, "T", "DIP", "GPIO10", "", "O", 59.0551, 98.4252, 39.3701, 39.3701, 270],
		[386, "PAD22_17", 355, -2945, "B", "DIP", "GPIO10", "", "O", 59.0551, 98.4252, 39.3701, 39.3701, 270],
		[387, "PAD23_18", 355, -3045, "T", "DIP", "GPIO11", "", "R", 59.0551, 98.4252, 39.3701, 39.3701, 270],
		[388, "PAD23_18", 355, -3045, "B", "DIP", "GPIO11", "", "R", 59.0551, 98.4252, 39.3701, 39.3701, 270],
		[389, "PAD24_19", 1555, -1345, "T", "DIP", "GND", "GND", "O", 59.0551, 98.4252, 39.3701, 39.3701, 90],
		[390, "PAD24_19", 1555, -1345, "B", "DIP", "GND", "GND", "O", 59.0551, 98.4252, 39.3701, 39.3701, 90],
		[391, "PAD25_16", 1555, -1645, "T", "DIP", "GPIO1", "", "O", 59.0551, 98.4252, 39.3701, 39.3701, 90],
		[392, "PAD25_16", 1555, -1645, "B", "DIP", "GPIO1", "", "O", 59.0551, 98.4252, 39.3701, 39.3701, 90],
		[393, "PAD26_15", 1555, -1745, "T", "DIP", "GPIO3", "", "O", 59.0551, 98.4252, 39.3701, 39.3701, 90],
		[394, "PAD26_15", 1555, -1745, "B", "DIP", "GPIO3", "", "O", 59.0551, 98.4252, 39.3701, 39.3701, 90],
		[395, "PAD27_1", 1555, -3145, "T", "DIP", "GPIO6", "", "O", 59.0551, 98.4252, 39.3701, 39.3701, 90],
		[396, "PAD27_1", 1555, -3145, "B", "DIP", "GPIO6", "", "O", 59.0551, 98.4252, 39.3701, 39.3701, 90],
		[397, "PAD28_2", 1555, -3045, "T", "DIP", "GPIO7", "", "O", 59.0551, 98.4252, 39.3701, 39.3701, 90],
		[398, "PAD28_2", 1555, -3045, "B", "DIP", "GPIO7", "", "O", 59.0551, 98.4252, 39.3701, 39.3701, 90],
		[399, "PAD29_14", 1555, -1845, "T", "DIP", "SDA", "", "O", 59.0551, 98.4252, 39.3701, 39.3701, 90],
		[400, "PAD29_14", 1555, -1845, "B", "DIP", "SDA", "", "O", 59.0551, 98.4252, 39.3701, 39.3701, 90],
		[401, "PAD30_13", 1555, -1945, "T", "DIP", "GND", "GND", "R", 59.0551, 98.4252, 39.3701, 39.3701, 90],
		[402, "PAD30_13", 1555, -1945, "B", "DIP", "GND", "GND", "R", 59.0551, 98.4252, 39.3701, 39.3701, 90],
		[403, "PAD31_12", 1555, -2045, "T", "DIP", "GPIO19", "", "O", 59.0551, 98.4252, 39.3701, 39.3701, 90],
		[404, "PAD31_12", 1555, -2045, "B", "DIP", "GPIO19", "", "O", 59.0551, 98.4252, 39.3701, 39.3701, 90],
		[405, "PAD32_11", 1555, -2145, "T", "DIP", "CLK", "", "O", 59.0551, 98.4252, 39.3701, 39.3701, 90],
		[406, "PAD32_11", 1555, -2145, "B", "DIP", "CLK", "", "O", 59.0551, 98.4252, 39.3701, 39.3701, 90],
		[407, "PAD33_10", 1555, -2245, "T", "DIP", "GPIO5", "", "O", 59.0551, 98.4252, 39.3701, 39.3701, 90],
		[408, "PAD33_10", 1555, -2245, "B", "DIP", "GPIO5", "", "O", 59.0551, 98.4252, 39.3701, 39.3701, 90],
		[409, "PAD34_9", 1555, -2345, "T", "DIP", "GPIO17", "", "O", 59.0551, 98.4252, 39.3701, 39.3701, 90],
		[410, "PAD34_9", 1555, -2345, "B", "DIP", "GPIO17", "", "O", 59.0551, 98.4252, 39.3701, 39.3701, 90],
		[411, "PAD35_8", 1555, -2445, "T", "DIP", "GPIO16", "", "R", 59.0551, 98.4252, 39.3701, 39.3701, 90],
		[412, "PAD35_8", 1555, -2445, "B", "DIP", "GPIO16", "", "R", 59.0551, 98.4252, 39.3701, 39.3701, 90],
		[413, "PAD36_7", 1555, -2545, "T", "DIP", "GPIO4", "", "O", 59.0551, 98.4252, 39.3701, 39.3701, 90],
		[414, "PAD36_7", 1555, -2545, "B", "DIP", "GPIO4", "", "O", 59.0551, 98.4252, 39.3701, 39.3701, 90],
		[415, "PAD37_6", 1555, -2645, "T", "DIP", "GPIO0", "", "O", 59.0551, 98.4252, 39.3701, 39.3701, 90],
		[416, "PAD37_6", 1555, -2645, "B", "DIP", "GPIO0", "", "O", 59.0551, 98.4252, 39.3701, 39.3701, 90],
		[417, "PAD38_5", 1555, -2745, "T", "DIP", "GPIO2", "", "O", 59.0551, 98.4252, 39.3701, 39.3701, 90],
		[418, "PAD38_5", 1555, -2745, "B", "DIP", "GPIO2", "", "O", 59.0551, 98.4252, 39.3701, 39.3701, 90],
		[419, "PAD39_4", 1555, -2845, "T", "DIP", "CS", "", "O", 59.0551, 98.4252, 39.3701, 39.3701, 90],
		[420, "PAD39_4", 1555, -2845, "B", "DIP", "CS", "", "O", 59.0551, 98.4252, 39.3701, 39.3701, 90],
		[421, "PAD40_3", 1555, -2945, "T", "DIP", "GPIO8", "", "R", 59.0551, 98.4252, 39.3701, 39.3701, 90],
		[422, "PAD40_3", 1555, -2945, "B", "DIP", "GPIO8", "", "R", 59.0551, 98.4252, 39.3701, 39.3701, 90],
		[423, "PAD41_17", 1555, -1545, "T", "DIP", "SCL", "", "O", 59.0551, 98.4252, 39.3701, 39.3701, 90],
		[424, "PAD41_17", 1555, -1545, "B", "DIP", "SCL", "", "O", 59.0551, 98.4252, 39.3701, 39.3701, 90],
		[425, "PAD42_18", 1555, -1445, "T", "DIP", "DIN", "", "R", 59.0551, 98.4252, 39.3701, 39.3701, 90],
		[426, "PAD42_18", 1555, -1445, "B", "DIP", "DIN", "", "R", 59.0551, 98.4252, 39.3701, 39.3701, 90],
		[427, "PAD43_4", -500, -2580, "T", "DIP", "$1N9070", "", "C", 63.779, 63.779, 40.158, 40.158, 90],
		[428, "PAD43_4", -500, -2580, "B", "DIP", "$1N9070", "", "C", 63.779, 63.779, 40.158, 40.158, 90],
		[429, "PAD44_3", -500, -2680, "T", "DIP", "$1N9076", "", "C", 63.779, 63.779, 40.158, 40.158, 90],
		[430, "PAD44_3", -500, -2680, "B", "DIP", "$1N9076", "", "C", 63.779, 63.779, 40.158, 40.158, 90],
		[431, "PAD45_2", -500, -2780, "T", "DIP", "$1N9083", "", "C", 63.779, 63.779, 40.158, 40.158, 90],
		[432, "PAD45_2", -500, -2780, "B", "DIP", "$1N9083", "", "C", 63.779, 63.779, 40.158, 40.158, 90],
		[433, "PAD46_1", -500, -2880, "T", "DIP", "$1N9090", "", "R", 63.779, 63.779, 40.158, 40.158, 90],
		[434, "PAD46_1", -500, -2880, "B", "DIP", "$1N9090", "", "R", 63.779, 63.779, 40.158, 40.158, 90],
		[435, "PAD47_3", -5, -2980, "T", "DIP", "$1N9269", "", "C", 70.866, 70.866, 47.244, 47.244, 270],
		[436, "PAD47_3", -5, -2980, "B", "DIP", "$1N9269", "", "C", 70.866, 70.866, 47.244, 47.244, 270],
		[437, "PAD48_2", -5, -2880, "T", "DIP", "$1N9264", "", "C", 70.866, 70.866, 47.244, 47.244, 270],
		[438, "PAD48_2", -5, -2880, "B", "DIP", "$1N9264", "", "C", 70.866, 70.866, 47.244, 47.244, 270],
		[439, "PAD49_1", -5, -2780, "T", "DIP", "$1N9258", "", "R", 62, 70.866, 47.244, 47.244, 270],
		[440, "PAD49_1", -5, -2780, "B", "DIP", "$1N9258", "", "R", 62, 70.866, 47.244, 47.244, 270],
		[441, "PAD50_3", -105, -2980, "T", "DIP", "3.3V", "", "C", 70.866, 70.866, 47.244, 47.244, 270],
		[442, "PAD50_3", -105, -2980, "B", "DIP", "3.3V", "", "C", 70.866, 70.866, 47.244, 47.244, 270],
		[443, "PAD51_2", -105, -2880, "T", "DIP", "3.3V", "", "C", 70.866, 70.866, 47.244, 47.244, 270],
		[444, "PAD51_2", -105, -2880, "B", "DIP", "3.3V", "", "C", 70.866, 70.866, 47.244, 47.244, 270],
		[445, "PAD52_1", -105, -2780, "T", "DIP", "3.3V", "", "R", 62, 70.866, 47.244, 47.244, 270],
		[446, "PAD52_1", -105, -2780, "B", "DIP", "3.3V", "", "R", 62, 70.866, 47.244, 47.244, 270],
		[447, "PAD53_4", -500, -1755, "T", "DIP", "$1N10105", "", "C", 63.779, 63.779, 40.158, 40.158, 90],
		[448, "PAD53_4", -500, -1755, "B", "DIP", "$1N10105", "", "C", 63.779, 63.779, 40.158, 40.158, 90],
		[449, "PAD54_3", -500, -1855, "T", "DIP", "$1N10101", "", "C", 63.779, 63.779, 40.158, 40.158, 90],
		[450, "PAD54_3", -500, -1855, "B", "DIP", "$1N10101", "", "C", 63.779, 63.779, 40.158, 40.158, 90],
		[451, "PAD55_2", -500, -1955, "T", "DIP", "$1N10118", "", "C", 63.779, 63.779, 40.158, 40.158, 90],
		[452, "PAD55_2", -500, -1955, "B", "DIP", "$1N10118", "", "C", 63.779, 63.779, 40.158, 40.158, 90],
		[453, "PAD56_1", -500, -2055, "T", "DIP", "$1N10108", "", "R", 63.779, 63.779, 40.158, 40.158, 90],
		[454, "PAD56_1", -500, -2055, "B", "DIP", "$1N10108", "", "R", 63.779, 63.779, 40.158, 40.158, 90],
		[455, "PAD57_3", -5, -2155, "T", "DIP", "$1N10140", "", "C", 70.866, 70.866, 47.244, 47.244, 270],
		[456, "PAD57_3", -5, -2155, "B", "DIP", "$1N10140", "", "C", 70.866, 70.866, 47.244, 47.244, 270],
		[457, "PAD58_2", -5, -2055, "T", "DIP", "$1N10143", "", "C", 70.866, 70.866, 47.244, 47.244, 270],
		[458, "PAD58_2", -5, -2055, "B", "DIP", "$1N10143", "", "C", 70.866, 70.866, 47.244, 47.244, 270],
		[459, "PAD59_1", -5, -1955, "T", "DIP", "$1N10137", "", "R", 62, 70.866, 47.244, 47.244, 270],
		[460, "PAD59_1", -5, -1955, "B", "DIP", "$1N10137", "", "R", 62, 70.866, 47.244, 47.244, 270],
		[461, "PAD60_3", -105, -1955, "T", "DIP", "3.3V", "", "C", 70.866, 70.866, 47.244, 47.244, 90],
		[462, "PAD60_3", -105, -1955, "B", "DIP", "3.3V", "", "C", 70.866, 70.866, 47.244, 47.244, 90],
		[463, "PAD61_2", -105, -2055, "T", "DIP", "3.3V", "", "C", 70.866, 70.866, 47.244, 47.244, 90],
		[464, "PAD61_2", -105, -2055, "B", "DIP", "3.3V", "", "C", 70.866, 70.866, 47.244, 47.244, 90],
		[465, "PAD62_1", -105, -2155, "T", "DIP", "3.3V", "", "R", 62, 70.866, 47.244, 47.244, 90],
		[466, "PAD62_1", -105, -2155, "B", "DIP", "3.3V", "", "R", 62, 70.866, 47.244, 47.244, 90],
		[467, "PAD63_4", -395, -475, "T", "DIP", "VCC", "", "C", 63.779, 63.779, 40.158, 40.158, 90],
		[468, "PAD63_4", -395, -475, "B", "DIP", "VCC", "", "C", 63.779, 63.779, 40.158, 40.158, 90],
		[469, "PAD64_3", -395, -575, "T", "DIP", "VCC", "", "C", 63.779, 63.779, 40.158, 40.158, 90],
		[470, "PAD64_3", -395, -575, "B", "DIP", "VCC", "", "C", 63.779, 63.779, 40.158, 40.158, 90],
		[471, "PAD65_2", -395, -675, "T", "DIP", "VCC", "", "C", 63.779, 63.779, 40.158, 40.158, 90],
		[472, "PAD65_2", -395, -675, "B", "DIP", "VCC", "", "C", 63.779, 63.779, 40.158, 40.158, 90],
		[473, "PAD66_1", -395, -775, "T", "DIP", "VCC", "", "R", 63.779, 63.779, 40.158, 40.158, 90],
		[474, "PAD66_1", -395, -775, "B", "DIP", "VCC", "", "R", 63.779, 63.779, 40.158, 40.158, 90],
		[475, "PAD67_4", -295, -475, "T", "DIP", "GND", "GND", "C", 63.779, 63.779, 40.158, 40.158, 90],
		[476, "PAD67_4", -295, -475, "B", "DIP", "GND", "GND", "C", 63.779, 63.779, 40.158, 40.158, 90],
		[477, "PAD68_3", -295, -575, "T", "DIP", "GND", "GND", "C", 63.779, 63.779, 40.158, 40.158, 90],
		[478, "PAD68_3", -295, -575, "B", "DIP", "GND", "GND", "C", 63.779, 63.779, 40.158, 40.158, 90],
		[479, "PAD69_2", -295, -675, "T", "DIP", "GND", "GND", "C", 63.779, 63.779, 40.158, 40.158, 90],
		[480, "PAD69_2", -295, -675, "B", "DIP", "GND", "GND", "C", 63.779, 63.779, 40.158, 40.158, 90],
		[481, "PAD70_1", -295, -775, "T", "DIP", "GND", "GND", "R", 63.779, 63.779, 40.158, 40.158, 90],
		[482, "PAD70_1", -295, -775, "B", "DIP", "GND", "GND", "R", 63.779, 63.779, 40.158, 40.158, 90],
		[483, "PAD71_4", -195, -475, "T", "DIP", "3.3V", "", "C", 63.779, 63.779, 40.158, 40.158, 90],
		[484, "PAD71_4", -195, -475, "B", "DIP", "3.3V", "", "C", 63.779, 63.779, 40.158, 40.158, 90],
		[485, "PAD72_3", -195, -575, "T", "DIP", "3.3V", "", "C", 63.779, 63.779, 40.158, 40.158, 90],
		[486, "PAD72_3", -195, -575, "B", "DIP", "3.3V", "", "C", 63.779, 63.779, 40.158, 40.158, 90],
		[487, "PAD73_2", -195, -675, "T", "DIP", "3.3V", "", "C", 63.779, 63.779, 40.158, 40.158, 90],
		[488, "PAD73_2", -195, -675, "B", "DIP", "3.3V", "", "C", 63.779, 63.779, 40.158, 40.158, 90],
		[489, "PAD74_1", -195, -775, "T", "DIP", "3.3V", "", "R", 63.779, 63.779, 40.158, 40.158, 90],
		[490, "PAD74_1", -195, -775, "B", "DIP", "3.3V", "", "R", 63.779, 63.779, 40.158, 40.158, 90],
		[491, "PAD75_2", 1110, -935, "T", "DIP", "GND", "GND", "C", 70.866, 70.866, 47.244, 47.244, 0],
		[492, "PAD75_2", 1110, -935, "B", "DIP", "GND", "GND", "C", 70.866, 70.866, 47.244, 47.244, 0],
		[493, "PAD76_1", 1210, -935, "T", "DIP", "VCC", "", "R", 70.866, 70.866, 47.244, 47.244, 180],
		[494, "PAD76_1", 1210, -935, "B", "DIP", "VCC", "", "R", 70.866, 70.866, 47.244, 47.244, 180],
		[495, "PAD77_3", 1010, -935, "T", "DIP", "DIN", "", "C", 70.866, 70.866, 47.244, 47.244, 0],
		[496, "PAD77_3", 1010, -935, "B", "DIP", "DIN", "", "C", 70.866, 70.866, 47.244, 47.244, 0],
		[497, "PAD78_4", 910, -935, "T", "DIP", "CS", "", "C", 70.866, 70.866, 47.244, 47.244, 0],
		[498, "PAD78_4", 910, -935, "B", "DIP", "CS", "", "C", 70.866, 70.866, 47.244, 47.244, 0],
		[499, "PAD79_5", 810, -935, "T", "DIP", "CLK", "", "C", 70.866, 70.866, 47.244, 47.244, 0],
		[500, "PAD79_5", 810, -935, "B", "DIP", "CLK", "", "C", 70.866, 70.866, 47.244, 47.244, 0],
		[501, "PAD80_1", -469.98, -197.17, "T", "DIP", "12V", "", "P", 15.748, 94.472, 12.598, 12.598, 180],
		[502, "PAD80_1", -469.98, -197.17, "B", "DIP", "12V", "", "P", 15.748, 94.472, 12.598, 12.598, 180],
		[503, "PAD81_2", -332.2, -197.17, "T", "DIP", "GND", "GND", "P", 15.748, 94.47, 12.598, 12.598, 180],
		[504, "PAD81_2", -332.2, -197.17, "B", "DIP", "GND", "GND", "P", 15.748, 94.47, 12.598, 12.598, 180],
		[505, "PAD82_2", -332.2, -270, "T", "DIP", "GND", "GND", "C", 98.425, 98.425, 51.182, 51.182, 180],
		[506, "PAD82_2", -332.2, -270, "B", "DIP", "GND", "GND", "C", 98.425, 98.425, 51.182, 51.182, 180],
		[507, "PAD83_1", -470, -270, "T", "DIP", "12V", "", "R", 98.425, 118.11, 51.182, 51.182, 270],
		[508, "PAD83_1", -470, -270, "B", "DIP", "12V", "", "R", 98.425, 118.11, 51.182, 51.182, 270],
		[509, "PAD84_1", -470, -132.21, "T", "DIP", "12V", "", "R", 94.488, 94.488, 47.244, 47.444, 0],
		[510, "PAD84_1", -470, -132.21, "B", "DIP", "12V", "", "R", 94.488, 94.488, 47.244, 47.444, 0],
		[511, "PAD85_2", -332.2, -132.21, "T", "DIP", "GND", "GND", "C", 94.488, 94.488, 47.244, 47.443, 0],
		[512, "PAD85_2", -332.2, -132.21, "B", "DIP", "GND", "GND", "C", 94.488, 94.488, 47.244, 47.443, 0],
		[513, "PAD86_14", -315, -2880, "T", "DIP", "$1N9090", "", "C", 66.929, 66.929, 40.158, 40.158, 180],
		[514, "PAD86_14", -315, -2880, "B", "DIP", "$1N9090", "", "C", 66.929, 66.929, 40.158, 40.158, 180],
		[515, "PAD87_15", -315, -2980, "T", "DIP", "GND", "GND", "R", 66.929, 66.929, 40.158, 40.158, 180],
		[516, "PAD87_15", -315, -2980, "B", "DIP", "GND", "GND", "R", 66.929, 66.929, 40.158, 40.158, 180],
		[517, "PAD88_16", -315, -3080, "T", "DIP", "12V", "", "C", 66.929, 66.929, 40.158, 40.158, 180],
		[518, "PAD88_16", -315, -3080, "B", "DIP", "12V", "", "C", 66.929, 66.929, 40.158, 40.158, 180],
		[519, "PAD89_13", -315, -2780, "T", "DIP", "$1N9083", "", "C", 66.929, 66.929, 40.158, 40.158, 180],
		[520, "PAD89_13", -315, -2780, "B", "DIP", "$1N9083", "", "C", 66.929, 66.929, 40.158, 40.158, 180],
		[521, "PAD90_12", -315, -2680, "T", "DIP", "$1N9076", "", "C", 66.929, 66.929, 40.158, 40.158, 180],
		[522, "PAD90_12", -315, -2680, "B", "DIP", "$1N9076", "", "C", 66.929, 66.929, 40.158, 40.158, 180],
		[523, "PAD91_11", -315, -2580, "T", "DIP", "$1N9070", "", "C", 66.929, 66.929, 40.158, 40.158, 180],
		[524, "PAD91_11", -315, -2580, "B", "DIP", "$1N9070", "", "C", 66.929, 66.929, 40.158, 40.158, 180],
		[525, "PAD92_10", -315, -2480, "T", "DIP", "3.3V", "", "C", 66.929, 66.929, 40.158, 40.158, 180],
		[526, "PAD92_10", -315, -2480, "B", "DIP", "3.3V", "", "C", 66.929, 66.929, 40.158, 40.158, 180],
		[527, "PAD93_9", -315, -2380, "T", "DIP", "GND", "GND", "R", 66.929, 66.929, 40.158, 40.158, 180],
		[528, "PAD93_9", -315, -2380, "B", "DIP", "GND", "GND", "R", 66.929, 66.929, 40.158, 40.158, 180],
		[529, "PAD94_8", 185, -2380, "T", "DIP", "DIR1", "", "C", 66.929, 66.929, 40.158, 40.158, 180],
		[530, "PAD94_8", 185, -2380, "B", "DIP", "DIR1", "", "C", 66.929, 66.929, 40.158, 40.158, 180],
		[531, "PAD95_7", 185, -2480, "T", "DIP", "STEP1", "", "C", 66.929, 66.929, 40.158, 40.158, 180],
		[532, "PAD95_7", 185, -2480, "B", "DIP", "STEP1", "", "C", 66.929, 66.929, 40.158, 40.158, 180],
		[533, "PAD96_6", 185, -2580, "T", "DIP", "$1N9154", "", "C", 66.929, 66.929, 40.158, 40.158, 180],
		[534, "PAD96_6", 185, -2580, "B", "DIP", "$1N9154", "", "C", 66.929, 66.929, 40.158, 40.158, 180],
		[535, "PAD97_5", 185, -2680, "T", "DIP", "$1N9154", "", "C", 66.929, 66.929, 40.158, 40.158, 180],
		[536, "PAD97_5", 185, -2680, "B", "DIP", "$1N9154", "", "C", 66.929, 66.929, 40.158, 40.158, 180],
		[537, "PAD98_4", 185, -2780, "T", "DIP", "$1N9258", "", "C", 66.929, 66.929, 40.158, 40.158, 180],
		[538, "PAD98_4", 185, -2780, "B", "DIP", "$1N9258", "", "C", 66.929, 66.929, 40.158, 40.158, 180],
		[539, "PAD99_3", 185, -2880, "T", "DIP", "$1N9264", "", "C", 66.929, 66.929, 40.158, 40.158, 180],
		[540, "PAD99_3", 185, -2880, "B", "DIP", "$1N9264", "", "C", 66.929, 66.929, 40.158, 40.158, 180],
		[541, "PAD100_2", 185, -2980, "T", "DIP", "$1N9269", "", "C", 66.929, 66.929, 40.158, 40.158, 180],
		[542, "PAD100_2", 185, -2980, "B", "DIP", "$1N9269", "", "C", 66.929, 66.929, 40.158, 40.158, 180],
		[543, "PAD101_1", 185, -3080, "T", "DIP", "GND", "GND", "C", 66.929, 66.929, 40.2, 40.2, 180],
		[544, "PAD101_1", 185, -3080, "B", "DIP", "GND", "GND", "C", 66.929, 66.929, 40.2, 40.2, 180],
		[545, "PAD102_14", -315, -2055, "T", "DIP", "$1N10108", "", "C", 66.929, 66.929, 40.158, 40.158, 180],
		[546, "PAD102_14", -315, -2055, "B", "DIP", "$1N10108", "", "C", 66.929, 66.929, 40.158, 40.158, 180],
		[547, "PAD103_15", -315, -2155, "T", "DIP", "GND", "GND", "R", 66.929, 66.929, 40.158, 40.158, 180],
		[548, "PAD103_15", -315, -2155, "B", "DIP", "GND", "GND", "R", 66.929, 66.929, 40.158, 40.158, 180],
		[549, "PAD104_16", -315, -2255, "T", "DIP", "12V", "", "C", 66.929, 66.929, 40.158, 40.158, 180],
		[550, "PAD104_16", -315, -2255, "B", "DIP", "12V", "", "C", 66.929, 66.929, 40.158, 40.158, 180],
		[551, "PAD105_13", -315, -1955, "T", "DIP", "$1N10118", "", "C", 66.929, 66.929, 40.158, 40.158, 180],
		[552, "PAD105_13", -315, -1955, "B", "DIP", "$1N10118", "", "C", 66.929, 66.929, 40.158, 40.158, 180],
		[553, "PAD106_12", -315, -1855, "T", "DIP", "$1N10101", "", "C", 66.929, 66.929, 40.158, 40.158, 180],
		[554, "PAD106_12", -315, -1855, "B", "DIP", "$1N10101", "", "C", 66.929, 66.929, 40.158, 40.158, 180],
		[555, "PAD107_11", -315, -1755, "T", "DIP", "$1N10105", "", "C", 66.929, 66.929, 40.158, 40.158, 180],
		[556, "PAD107_11", -315, -1755, "B", "DIP", "$1N10105", "", "C", 66.929, 66.929, 40.158, 40.158, 180],
		[557, "PAD108_10", -315, -1655, "T", "DIP", "3.3V", "", "C", 66.929, 66.929, 40.158, 40.158, 180],
		[558, "PAD108_10", -315, -1655, "B", "DIP", "3.3V", "", "C", 66.929, 66.929, 40.158, 40.158, 180],
		[559, "PAD109_9", -315, -1555, "T", "DIP", "GND", "GND", "R", 66.929, 66.929, 40.158, 40.158, 180],
		[560, "PAD109_9", -315, -1555, "B", "DIP", "GND", "GND", "R", 66.929, 66.929, 40.158, 40.158, 180],
		[561, "PAD110_8", 185, -1555, "T", "DIP", "DIR2", "", "C", 66.929, 66.929, 40.158, 40.158, 180],
		[562, "PAD110_8", 185, -1555, "B", "DIP", "DIR2", "", "C", 66.929, 66.929, 40.158, 40.158, 180],
		[563, "PAD111_7", 185, -1655, "T", "DIP", "STEP2", "", "C", 66.929, 66.929, 40.158, 40.158, 180],
		[564, "PAD111_7", 185, -1655, "B", "DIP", "STEP2", "", "C", 66.929, 66.929, 40.158, 40.158, 180],
		[565, "PAD112_6", 185, -1755, "T", "DIP", "$1N10129", "", "C", 66.929, 66.929, 40.158, 40.158, 180],
		[566, "PAD112_6", 185, -1755, "B", "DIP", "$1N10129", "", "C", 66.929, 66.929, 40.158, 40.158, 180],
		[567, "PAD113_5", 185, -1855, "T", "DIP", "$1N10129", "", "C", 66.929, 66.929, 40.158, 40.158, 180],
		[568, "PAD113_5", 185, -1855, "B", "DIP", "$1N10129", "", "C", 66.929, 66.929, 40.158, 40.158, 180],
		[569, "PAD114_4", 185, -1955, "T", "DIP", "$1N10137", "", "C", 66.929, 66.929, 40.158, 40.158, 180],
		[570, "PAD114_4", 185, -1955, "B", "DIP", "$1N10137", "", "C", 66.929, 66.929, 40.158, 40.158, 180],
		[571, "PAD115_3", 185, -2055, "T", "DIP", "$1N10143", "", "C", 66.929, 66.929, 40.158, 40.158, 180],
		[572, "PAD115_3", 185, -2055, "B", "DIP", "$1N10143", "", "C", 66.929, 66.929, 40.158, 40.158, 180],
		[573, "PAD116_2", 185, -2155, "T", "DIP", "$1N10140", "", "C", 66.929, 66.929, 40.158, 40.158, 180],
		[574, "PAD116_2", 185, -2155, "B", "DIP", "$1N10140", "", "C", 66.929, 66.929, 40.158, 40.158, 180],
		[575, "PAD117_1", 185, -2255, "T", "DIP", "GND", "GND", "C", 66.929, 66.929, 40.2, 40.2, 180],
		[576, "PAD117_1", 185, -2255, "B", "DIP", "GND", "GND", "C", 66.929, 66.929, 40.2, 40.2, 180],
		[577, "PAD118_4", 1552.5197, -27.4803, "T", "DIP", "VCC", "", "R", 125.9843, 125.9843, 36, 36, 0],
		[578, "PAD118_4", 1552.5197, -27.4803, "B", "DIP", "VCC", "", "R", 125.9843, 125.9843, 36, 36, 0],
		[579, "PAD119_1", -2.4803, -27.4803, "T", "DIP", "12V", "", "R", 125.9843, 125.9843, 36, 36, 0],
		[580, "PAD119_1", -2.4803, -27.4803, "B", "DIP", "12V", "", "R", 125.9843, 125.9843, 36, 36, 0],
		[581, "PAD120_3", 1552.5197, -702.4803, "T", "DIP", "GND", "GND", "R", 125.9843, 125.9843, 36, 36, 0],
		[582, "PAD120_3", 1552.5197, -702.4803, "B", "DIP", "GND", "GND", "R", 125.9843, 125.9843, 36, 36, 0],
		[583, "PAD121_2", -2.5, -702.4803, "T", "DIP", "GND", "GND", "R", 125.9843, 125.9843, 36, 36, 0],
		[584, "PAD121_2", -2.5, -702.4803, "B", "DIP", "GND", "GND", "R", 125.9843, 125.9843, 36, 36, 0],
		[585, "PAD122_1", -485, -2303.07, "T", "DIP", "12V", "", "C", 78.74, 78.74, 36, 36, 90],
		[586, "PAD122_1", -485, -2303.07, "B", "DIP", "12V", "", "C", 78.74, 78.74, 36, 36, 90],
		[587, "PAD123_2", -485, -2186.93, "T", "DIP", "GND", "GND", "C", 78.74, 78.74, 36, 36, 90],
		[588, "PAD123_2", -485, -2186.93, "B", "DIP", "GND", "GND", "C", 78.74, 78.74, 36, 36, 90],
		[589, "PAD124_1", -480, -3148.07, "T", "DIP", "12V", "", "C", 78.74, 78.74, 36, 36, 90],
		[590, "PAD124_1", -480, -3148.07, "B", "DIP", "12V", "", "C", 78.74, 78.74, 36, 36, 90],
		[591, "PAD125_2", -480, -3031.93, "T", "DIP", "GND", "GND", "C", 78.74, 78.74, 36, 36, 90],
		[592, "PAD125_2", -480, -3031.93, "B", "DIP", "GND", "GND", "C", 78.74, 78.74, 36, 36, 90],
		[593, "PAD126_37", 1405, -1445, "T", "DIP", "DIN", "", "C", 66.929, 66.929, 39.37, 39.37, 90],
		[594, "PAD126_37", 1405, -1445, "B", "DIP", "DIN", "", "C", 66.929, 66.929, 39.37, 39.37, 90],
		[595, "PAD127_36", 1405, -1545, "T", "DIP", "SCL", "", "C", 66.929, 66.929, 39.37, 39.37, 90],
		[596, "PAD127_36", 1405, -1545, "B", "DIP", "SCL", "", "C", 66.929, 66.929, 39.37, 39.37, 90],
		[597, "PAD128_35", 1405, -1645, "T", "DIP", "GPIO1", "", "C", 66.929, 66.929, 39.37, 39.37, 90],
		[598, "PAD128_35", 1405, -1645, "B", "DIP", "GPIO1", "", "C", 66.929, 66.929, 39.37, 39.37, 90],
		[599, "PAD129_34", 1405, -1745, "T", "DIP", "GPIO3", "", "C", 66.929, 66.929, 39.37, 39.37, 90],
		[600, "PAD129_34", 1405, -1745, "B", "DIP", "GPIO3", "", "C", 66.929, 66.929, 39.37, 39.37, 90],
		[601, "PAD130_33", 1405, -1845, "T", "DIP", "SDA", "", "C", 66.929, 66.929, 39.37, 39.37, 90],
		[602, "PAD130_33", 1405, -1845, "B", "DIP", "SDA", "", "C", 66.929, 66.929, 39.37, 39.37, 90],
		[603, "PAD131_32", 1405, -1945, "T", "DIP", "GND", "GND", "C", 66.929, 66.929, 39.37, 39.37, 90],
		[604, "PAD131_32", 1405, -1945, "B", "DIP", "GND", "GND", "C", 66.929, 66.929, 39.37, 39.37, 90],
		[605, "PAD132_31", 1405, -2045, "T", "DIP", "GPIO19", "", "C", 66.929, 66.929, 39.37, 39.37, 90],
		[606, "PAD132_31", 1405, -2045, "B", "DIP", "GPIO19", "", "C", 66.929, 66.929, 39.37, 39.37, 90],
		[607, "PAD133_30", 1405, -2145, "T", "DIP", "CLK", "", "C", 66.929, 66.929, 39.37, 39.37, 90],
		[608, "PAD133_30", 1405, -2145, "B", "DIP", "CLK", "", "C", 66.929, 66.929, 39.37, 39.37, 90],
		[609, "PAD134_29", 1405, -2245, "T", "DIP", "GPIO5", "", "C", 66.929, 66.929, 39.37, 39.37, 90],
		[610, "PAD134_29", 1405, -2245, "B", "DIP", "GPIO5", "", "C", 66.929, 66.929, 39.37, 39.37, 90],
		[611, "PAD135_28", 1405, -2345, "T", "DIP", "GPIO17", "", "C", 66.929, 66.929, 39.37, 39.37, 90],
		[612, "PAD135_28", 1405, -2345, "B", "DIP", "GPIO17", "", "C", 66.929, 66.929, 39.37, 39.37, 90],
		[613, "PAD136_27", 1405, -2445, "T", "DIP", "GPIO16", "", "C", 66.929, 66.929, 39.37, 39.37, 90],
		[614, "PAD136_27", 1405, -2445, "B", "DIP", "GPIO16", "", "C", 66.929, 66.929, 39.37, 39.37, 90],
		[615, "PAD137_26", 1405, -2545, "T", "DIP", "GPIO4", "", "C", 66.929, 66.929, 39.37, 39.37, 90],
		[616, "PAD137_26", 1405, -2545, "B", "DIP", "GPIO4", "", "C", 66.929, 66.929, 39.37, 39.37, 90],
		[617, "PAD138_25", 1405, -2645, "T", "DIP", "GPIO0", "", "C", 66.929, 66.929, 39.37, 39.37, 90],
		[618, "PAD138_25", 1405, -2645, "B", "DIP", "GPIO0", "", "C", 66.929, 66.929, 39.37, 39.37, 90],
		[619, "PAD139_24", 1405, -2745, "T", "DIP", "GPIO2", "", "C", 66.929, 66.929, 39.37, 39.37, 90],
		[620, "PAD139_24", 1405, -2745, "B", "DIP", "GPIO2", "", "C", 66.929, 66.929, 39.37, 39.37, 90],
		[621, "PAD140_23", 1405, -2845, "T", "DIP", "CS", "", "C", 66.929, 66.929, 39.37, 39.37, 90],
		[622, "PAD140_23", 1405, -2845, "B", "DIP", "CS", "", "C", 66.929, 66.929, 39.37, 39.37, 90],
		[623, "PAD141_3", 505, -1545, "T", "DIP", "GPIO36", "", "C", 66.929, 66.929, 39.37, 39.37, 90],
		[624, "PAD141_3", 505, -1545, "B", "DIP", "GPIO36", "", "C", 66.929, 66.929, 39.37, 39.37, 90],
		[625, "PAD142_4", 505, -1645, "T", "DIP", "GPIO39", "", "C", 66.929, 66.929, 39.37, 39.37, 90],
		[626, "PAD142_4", 505, -1645, "B", "DIP", "GPIO39", "", "C", 66.929, 66.929, 39.37, 39.37, 90],
		[627, "PAD143_5", 505, -1745, "T", "DIP", "GPIO34", "", "C", 66.929, 66.929, 39.37, 39.37, 90],
		[628, "PAD143_5", 505, -1745, "B", "DIP", "GPIO34", "", "C", 66.929, 66.929, 39.37, 39.37, 90],
		[629, "PAD144_6", 505, -1845, "T", "DIP", "GPIO35", "", "C", 66.929, 66.929, 39.37, 39.37, 90],
		[630, "PAD144_6", 505, -1845, "B", "DIP", "GPIO35", "", "C", 66.929, 66.929, 39.37, 39.37, 90],
		[631, "PAD145_7", 505, -1945, "T", "DIP", "GPIO32", "", "C", 66.929, 66.929, 39.37, 39.37, 90],
		[632, "PAD145_7", 505, -1945, "B", "DIP", "GPIO32", "", "C", 66.929, 66.929, 39.37, 39.37, 90],
		[633, "PAD146_8", 505, -2045, "T", "DIP", "GPIO33", "", "C", 66.929, 66.929, 39.37, 39.37, 90],
		[634, "PAD146_8", 505, -2045, "B", "DIP", "GPIO33", "", "C", 66.929, 66.929, 39.37, 39.37, 90],
		[635, "PAD147_9", 505, -2145, "T", "DIP", "GPIO25", "", "C", 66.929, 66.929, 39.37, 39.37, 90],
		[636, "PAD147_9", 505, -2145, "B", "DIP", "GPIO25", "", "C", 66.929, 66.929, 39.37, 39.37, 90],
		[637, "PAD148_10", 505, -2245, "T", "DIP", "STEP2", "", "C", 66.929, 66.929, 39.37, 39.37, 90],
		[638, "PAD148_10", 505, -2245, "B", "DIP", "STEP2", "", "C", 66.929, 66.929, 39.37, 39.37, 90],
		[639, "PAD149_11", 505, -2345, "T", "DIP", "DIR2", "", "C", 66.929, 66.929, 39.37, 39.37, 90],
		[640, "PAD149_11", 505, -2345, "B", "DIP", "DIR2", "", "C", 66.929, 66.929, 39.37, 39.37, 90],
		[641, "PAD150_12", 505, -2445, "T", "DIP", "STEP1", "", "C", 66.929, 66.929, 39.37, 39.37, 90],
		[642, "PAD150_12", 505, -2445, "B", "DIP", "STEP1", "", "C", 66.929, 66.929, 39.37, 39.37, 90],
		[643, "PAD151_13", 505, -2545, "T", "DIP", "DIR1", "", "C", 66.929, 66.929, 39.37, 39.37, 90],
		[644, "PAD151_13", 505, -2545, "B", "DIP", "DIR1", "", "C", 66.929, 66.929, 39.37, 39.37, 90],
		[645, "PAD152_14", 505, -2645, "T", "DIP", "GND", "GND", "C", 66.929, 66.929, 39.37, 39.37, 90],
		[646, "PAD152_14", 505, -2645, "B", "DIP", "GND", "GND", "C", 66.929, 66.929, 39.37, 39.37, 90],
		[647, "PAD153_15", 505, -2745, "T", "DIP", "GPIO13", "", "C", 66.929, 66.929, 39.37, 39.37, 90],
		[648, "PAD153_15", 505, -2745, "B", "DIP", "GPIO13", "", "C", 66.929, 66.929, 39.37, 39.37, 90],
		[649, "PAD154_16", 505, -2845, "T", "DIP", "GPIO9", "", "C", 66.929, 66.929, 39.37, 39.37, 90],
		[650, "PAD154_16", 505, -2845, "B", "DIP", "GPIO9", "", "C", 66.929, 66.929, 39.37, 39.37, 90],
		[651, "PAD155_2", 505, -1445, "T", "DIP", "EN", "", "C", 66.929, 66.929, 39.37, 39.37, 90],
		[652, "PAD155_2", 505, -1445, "B", "DIP", "EN", "", "C", 66.929, 66.929, 39.37, 39.37, 90],
		[653, "PAD156_22", 1405, -2945, "T", "DIP", "GPIO8", "", "C", 66.929, 66.929, 39.37, 39.37, 90],
		[654, "PAD156_22", 1405, -2945, "B", "DIP", "GPIO8", "", "C", 66.929, 66.929, 39.37, 39.37, 90],
		[655, "PAD157_21", 1405, -3045, "T", "DIP", "GPIO7", "", "C", 66.929, 66.929, 39.37, 39.37, 90],
		[656, "PAD157_21", 1405, -3045, "B", "DIP", "GPIO7", "", "C", 66.929, 66.929, 39.37, 39.37, 90],
		[657, "PAD158_38", 1405, -1345.01, "T", "DIP", "GND", "GND", "R", 66.929, 66.929, 39.37, 39.37, 180],
		[658, "PAD158_38", 1405, -1345.01, "B", "DIP", "GND", "GND", "R", 66.929, 66.929, 39.37, 39.37, 180],
		[659, "PAD159_1", 505, -1345.01, "T", "DIP", "3.3V", "", "R", 66.929, 66.929, 39.37, 39.37, 180],
		[660, "PAD159_1", 505, -1345.01, "B", "DIP", "3.3V", "", "R", 66.929, 66.929, 39.37, 39.37, 180],
		[661, "PAD160_17", 505, -2945, "T", "DIP", "GPIO10", "", "C", 66.929, 66.929, 39.37, 39.37, 90],
		[662, "PAD160_17", 505, -2945, "B", "DIP", "GPIO10", "", "C", 66.929, 66.929, 39.37, 39.37, 90],
		[663, "PAD161_18", 505, -3045, "T", "DIP", "GPIO11", "", "C", 66.929, 66.929, 39.37, 39.37, 90],
		[664, "PAD161_18", 505, -3045, "B", "DIP", "GPIO11", "", "C", 66.929, 66.929, 39.37, 39.37, 90],
		[665, "PAD162_20", 1405, -3145, "T", "DIP", "GPIO6", "", "C", 66.929, 66.929, 39.37, 39.37, 90],
		[666, "PAD162_20", 1405, -3145, "B", "DIP", "GPIO6", "", "C", 66.929, 66.929, 39.37, 39.37, 90],
		[667, "PAD163_19", 505, -3145, "T", "DIP", "VCC", "", "C", 66.929, 66.929, 39.37, 39.37, 90],
		[668, "PAD163_19", 505, -3145, "B", "DIP", "VCC", "", "C", 66.929, 66.929, 39.37, 39.37, 90],
		[669, "PAD164_4", -495, -475, "T", "DIP", "GND", "GND", "C", 63.779, 63.779, 40.158, 40.158, 90],
		[670, "PAD164_4", -495, -475, "B", "DIP", "GND", "GND", "C", 63.779, 63.779, 40.158, 40.158, 90],
		[671, "PAD165_3", -495, -575, "T", "DIP", "GND", "GND", "C", 63.779, 63.779, 40.158, 40.158, 90],
		[672, "PAD165_3", -495, -575, "B", "DIP", "GND", "GND", "C", 63.779, 63.779, 40.158, 40.158, 90],
		[673, "PAD166_2", -495, -675, "T", "DIP", "GND", "GND", "C", 63.779, 63.779, 40.158, 40.158, 90],
		[674, "PAD166_2", -495, -675, "B", "DIP", "GND", "GND", "C", 63.779, 63.779, 40.158, 40.158, 90],
		[675, "PAD167_1", -495, -775, "T", "DIP", "GND", "GND", "R", 63.779, 63.779, 40.158, 40.158, 90],
		[676, "PAD167_1", -495, -775, "B", "DIP", "GND", "GND", "R", 63.779, 63.779, 40.158, 40.158, 90]
	]
}
}